method,config_id,seed,N,M,beta,V,V_scale,bandwidth_hz,bandwidth_mhz,noise_w,T,warmup,avg_energy_j,avg_device_energy_j,avg_edge_energy_j,avg_total_queue_bits,avg_device_queue_bits,avg_edge_queue_bits,avg_fairness,avg_runtime_ms,avg_iterations,avg_arrival_bits,avg_local_completed_bits,avg_edge_completed_bits,avg_uploaded_bits,avg_local_energy_j,avg_transmit_energy_j,effective_warmup_slots,window_arrival_bits,window_completed_bits,window_energy_j,energy_per_completed_mbit_j,window_start_queue_bits,window_end_queue_bits,window_flow_residual_bits,full_run_energy_j,full_run_completed_mbit,window_completed_mbit,window_local_completed_bits,window_edge_completed_bits,window_local_completion_fraction,window_edge_completion_fraction,early_half_avg_total_queue_bits,late_half_avg_total_queue_bits,late_half_backlog_slope_bits_per_slot,tail_10pct_avg_total_queue_bits,mean_energy_j_per_slot,mean_backlog_mbit,mean_device_backlog_mbit,mean_edge_backlog_mbit,mean_local_completed_mbit_per_slot,mean_edge_completed_mbit_per_slot,mean_arrival_mbit_per_slot,completion_to_arrival_ratio,late_half_backlog_slope_mbit_per_slot,local_cap_fraction,mean_effective_V,mean_local_energy_j_per_slot,mean_transmit_energy_j_per_slot,mean_edge_energy_j_per_slot,mean_completed_mbit_per_slot,mean_sweeps,convergence_fraction,mean_decision_runtime_ms,maximum_best_deviation_gain,maximum_objective_rise,wall_seconds,trace_path,trace_sha256
QAPG-R,c00,520927,100,10,2,300000000000.0,1,2000000.0,2,1e-10,3000,300,1.6589147434302833,0.8013710085541255,0.8575437348761578,28624792.26756854,14736847.250913944,13887945.016654598,0.9963003321838072,2.9192234541255013,10.461481481481481,9600266.666666666,4045253.2743228674,5554734.06845257,5554791.219795978,0.663177547219965,0.13819346133416036,300,25920720000.0,25919965825.49368,4479.069807261765,0.17280384694243536,28194339.292130273,28948513.798451137,-6.668269634246826e-07,4968.9924809124905,28770.635486201547,25919.96582549368,10922183840.671741,14997781984.821938,0.4213811049831396,0.5786188950168605,28553492.500438623,28681832.081272483,-66.72488107799855,28672568.698990326,1.6589147434302833,28.62479226756854,14.736847250913945,13.887945016654598,4.045253274322867,5.55473406845257,9.600266666666666,0.9999709045695366,-6.672488107799854e-05,0.0,300000000000.0,0.663177547219965,0.13819346133416036,0.8575437348761578,9.599987342775437,10.461481481481481,0.9848148148148148,2.9192234541255013,3.508937375905352e-08,0.0,9.344793750002282,experiments/results/parameter_sensitivity_v1/traces/c00_s520927.npz,6cec396c6d90333bca2e9943355c595cb3dddd25043090dc2a22aee4f1c96c54
QAPG-R,c00,520928,100,10,2,300000000000.0,1,2000000.0,2,1e-10,3000,300,1.6625770124694113,0.805361748723569,0.8572152637458424,28636733.178886972,14752673.646290887,13884059.532596085,0.9963380986527596,2.941603809260953,10.494074074074074,9601202.962962963,4047256.8127069473,5553888.8500113385,5553841.857731291,0.6642021176066938,0.14115963111687516,300,25923248000.0,25923093289.339375,4488.9579336674105,0.17316444004440829,28693214.741630398,28847925.402255997,1.4901161193847656e-08,4978.084657308818,28774.80807459775,25923.093289339373,10927593394.308758,14995499895.030613,0.42153894492223376,0.5784610550777661,28646876.529281043,28628618.498571716,-84.88970910590788,28639151.490155715,1.6625770124694113,28.636733178886974,14.752673646290887,13.884059532596085,4.047256812706947,5.553888850011338,9.601202962962963,0.9999940319723584,-8.488970910590788e-05,0.0,300000000000.0,0.6642021176066938,0.14115963111687516,0.8572152637458424,9.601145662718286,10.494074074074074,0.9851851851851852,2.941603809260953,4.166041260265929e-07,0.0,9.39416224998422,experiments/results/parameter_sensitivity_v1/traces/c00_s520928.npz,be0d00f499a3ac5fbedf01c861300191fc0fa13d16e13d40adb16b9a8a541acb
QAPG-R,c00,520929,100,10,2,300000000000.0,1,2000000.0,2,1e-10,3000,300,1.6573888134187993,0.7985892522881862,0.8587995611306127,28637333.971311808,14735874.427054664,13901459.54425714,0.9963118202410424,2.9028276804429307,10.446666666666667,9601934.814814815,4044892.1943453103,5557428.104133209,5557253.60672993,0.6629983598096402,0.13559089247854614,300,25925224000.0,25926264805.892006,4474.949796230758,0.1726029503183112,29512312.992279664,28471507.100275286,-2.1532177925109863e-06,4962.565495558174,28774.344492899723,25926.264805892006,10921208924.732338,15005055881.159666,0.4212411238756762,0.5787588761243238,28650594.34870456,28626725.669397604,38.32933987972791,28652810.84728448,1.6573888134187993,28.637333971311808,14.735874427054664,13.90145954425714,4.04489219434531,5.557428104133209,9.601934814814815,1.000040146457057,3.832933987972791e-05,0.0,300000000000.0,0.6629983598096402,0.13559089247854614,0.8587995611306127,9.60232029847852,10.446666666666667,0.9866666666666667,2.9028276804429307,1.2167945471347474e-07,0.0,9.290227665973362,experiments/results/parameter_sensitivity_v1/traces/c00_s520929.npz,90bebc0404dbb1f02a68ea536eac9cb82315c35d397914fd2c14c065dacd6717
QAPG-R,c00,520930,100,10,2,300000000000.0,1,2000000.0,2,1e-10,3000,300,1.6648981858981236,0.8070601338935048,0.8578380520046186,28658392.045083154,14767254.607135009,13891137.437948141,0.9962510510911199,2.944280861314231,10.48074074074074,9604257.777777778,4048837.619820562,5555375.627075109,5555396.730093013,0.6649811913549399,0.14207894253856496,300,25931496000.0,25931375766.61831,4495.225101924933,0.17335081417900228,28461789.276859958,28582022.65854908,1.1809170246124268e-06,4984.425225799431,28782.241977341455,25931.37576661831,10931861573.515518,14999514193.102795,0.42156890062069907,0.578431099379301,28666711.96830752,28651736.10650365,1.4644863012548572,28637193.452797126,1.6648981858981236,28.658392045083154,14.767254607135008,13.89113743794814,4.048837619820562,5.555375627075109,9.604257777777779,0.9999953634228549,1.4644863012548573e-06,0.0,300000000000.0,0.6649811913549399,0.14207894253856496,0.8578380520046186,9.60421324689567,10.48074074074074,0.9818518518518519,2.944280861314231,2.338779618166198e-07,0.0,9.404570583021268,experiments/results/parameter_sensitivity_v1/traces/c00_s520930.npz,0a5124ccb3c208690c60a8cb2af52d2ee0b52b10e9f03377034ef3d86fdf016f
QAPG-R,c00,520931,100,10,2,300000000000.0,1,2000000.0,2,1e-10,3000,300,1.6615390616932624,0.8034340957983103,0.8581049658949521,28646606.677878745,14752781.199407298,13893825.478471443,0.9963118370577501,2.9265336316462642,10.479259259259258,9602808.888888888,4047060.3685804694,5555873.488810295,5555818.634301052,0.6640965249937739,0.1393375708045365,300,25927584000.0,25927921414.955063,4486.155466571809,0.1730241076704368,28619494.325570725,28282079.370508045,-1.7583370208740234e-06,4975.816796230422,28780.325920629493,25927.921414955064,10927062995.167267,15000858419.787796,0.42143999205677185,0.5785600079432281,28590491.41130258,28691498.891139667,39.97055856984044,28739659.043110162,1.6615390616932624,28.646606677878744,14.752781199407298,13.893825478471443,4.047060368580469,5.555873488810295,9.602808888888887,1.0000130137445533,3.9970558569840444e-05,0.0,300000000000.0,0.6640965249937739,0.1393375708045365,0.8581049658949521,9.602933857390765,10.479259259259258,0.9844444444444445,2.9265336316462642,4.036492279868575e-06,0.0,9.32831095799338,experiments/results/parameter_sensitivity_v1/traces/c00_s520931.npz,3f6086d4221970a81b485e1cf634b482dc89dfe76d7735e6ce05defce4c5ba3a
QAPG-R,c01,520927,100,10,2,18750000000.0,0.0625,2000000.0,2,1e-10,3000,300,3.5361607897931187,3.4312587889247146,0.1049020008684051,12351673.541224046,9600266.666666666,2751406.87455738,0.9994822732287861,3.535705962653824,9.588148148148148,9600266.666666666,6848708.6809981745,2751327.931072865,2751406.87455738,3.3031736047145603,0.128085184210154,300,25920720000.0,25920098852.591812,9547.63413244142,0.36834867747762196,12038018.49470291,12659165.902894728,-5.476176738739014e-06,10605.021736563056,28786.924834097103,25920.09885259181,18491513438.695072,7428585413.896736,0.7134044335192056,0.28659556648079426,12336371.094960814,12363915.498234635,-13.687388637948928,12365490.919029318,3.5361607897931187,12.351673541224045,9.600266666666666,2.75140687455738,6.8487086809981745,2.7513279310728653,9.600266666666666,0.9999760366452711,-1.3687388637948928e-05,0.0,18750000000.0,3.3031736047145603,0.128085184210154,0.1049020008684051,9.60003661207104,9.588148148148148,0.9944444444444445,3.535705962653824,4.321457364637321e-06,0.0,11.17762945801951,experiments/results/parameter_sensitivity_v1/traces/c01_s520927.npz,3542ad0c3eca6d93e9e86208a70500382ac44fe4dbef6ba99102d21098515fcb
QAPG-R,c01,520928,100,10,2,18750000000.0,0.0625,2000000.0,2,1e-10,3000,300,3.539906891459801,3.435022236898232,0.1048846545615696,12352234.691991212,9601205.247857826,2751029.444133385,0.999489020343517,3.559451101669024,9.641851851851852,9601202.962962963,6850069.815125873,2751094.832992637,2751029.444133385,3.304892059546434,0.1301301773517975,300,25923248000.0,25923144549.919983,9557.748606941463,0.368695571964126,12512571.489630185,12616021.569650134,-1.391395926475525e-06,10613.985875587201,28791.03997843035,25923.144549919984,18495188500.83986,7427956049.08012,0.7134623835940824,0.2865376164059174,12354249.319001568,12350622.990382925,-20.463969159822124,12353878.81473603,3.539906891459801,12.352234691991212,9.601205247857825,2.751029444133385,6.850069815125873,2.7510948329926372,9.601202962962963,0.9999960093704301,-2.0463969159822125e-05,3.7037037037037037e-06,18750000000.0,3.304892059546434,0.1301301773517975,0.1048846545615696,9.601164648118512,9.641851851851852,0.9896296296296296,3.559451101669024,7.060270758941015e-07,0.0,11.211570874991594,experiments/results/parameter_sensitivity_v1/traces/c01_s520928.npz,d138cb978111af54d17eb522e3d7a0eb891e925e50b20286f2fce9bff163e138
QAPG-R,c01,520929,100,10,2,18750000000.0,0.0625,2000000.0,2,1e-10,3000,300,3.5354580300811884,3.43051840516547,0.10493962491571797,12353640.72071565,9601934.814814815,2751705.905900835,0.9994747673314833,3.5276641505899735,9.578148148148149,9601934.814814815,6850276.316321387,2751697.8630069843,2751705.905900835,3.304145230705076,0.12637317446039378,300,25925224000.0,25925330284.186604,9545.736681219209,0.3682011598919424,12488391.981177751,12382107.794573462,1.2759119272232056e-06,10600.035296374299,28790.43389220543,25925.330284186603,18495746054.067745,7429584230.118858,0.713423738533792,0.2865762614662079,12355583.710301422,12352086.32904703,7.56467175740174,12357363.459520906,3.5354580300811884,12.35364072071565,9.601934814814815,2.751705905900835,6.850276316321387,2.751697863006984,9.601934814814815,1.0000040996439068,7.56467175740174e-06,0.0,18750000000.0,3.304145230705076,0.12637317446039378,0.10493962491571797,9.601974179328371,9.578148148148149,0.9944444444444445,3.5276641505899735,6.430516733685332e-08,0.0,11.149701792019187,experiments/results/parameter_sensitivity_v1/traces/c01_s520929.npz,aff480102e1c7a2361dc7e0daae459f5ffdde396c3b259386011538ddaddb01b
QAPG-R,c01,520930,100,10,2,18750000000.0,0.0625,2000000.0,2,1e-10,3000,300,3.542657916168838,3.4376817643389184,0.10497615182991968,12356564.348201053,9604257.798639769,2752306.549561283,0.9994873109875816,3.567790483195697,9.646666666666667,9604257.777777778,6851948.265253531,2752337.3312852858,2752306.549561283,3.3072747286065587,0.13040703573236,300,25931496000.0,25931571110.654808,9565.176373655862,0.36886220016671906,12269203.220306557,12194092.565499246,-8.940696716308594e-07,10621.99653209279,28798.6299074345,25931.571110654808,18500260316.184532,7431310794.470272,0.7134261259080872,0.2865738740919127,12360277.349603243,12353593.947079299,8.053625103014273,12354443.897639135,3.542657916168838,12.356564348201053,9.604257798639768,2.752306549561283,6.85194826525353,2.7523373312852857,9.604257777777779,1.0000028965029557,8.053625103014274e-06,3.7037037037037037e-06,18750000000.0,3.3072747286065587,0.13040703573236,0.10497615182991968,9.604285596538817,9.646666666666667,0.9914814814814815,3.567790483195697,4.365546491004457e-07,0.0,11.241834999993443,experiments/results/parameter_sensitivity_v1/traces/c01_s520930.npz,9bf299ec87c8d9d1e233ea4ae7bd823b0eb509b3f3bf184221a3343a46d97f26
QAPG-R,c01,520931,100,10,2,18750000000.0,0.0625,2000000.0,2,1e-10,3000,300,3.539498459940265,3.4345674625546665,0.10493099738559855,12354740.917744808,9602808.888888888,2751932.028855917,0.9994840947903909,3.5594162851662583,9.632222222222222,9602808.888888888,6850879.822995934,2751834.6412433796,2751932.028855917,3.3058023643886885,0.12876509816597823,300,25927584000.0,25927329053.446148,9556.645841838716,0.368593533955573,12210296.104149979,12465242.658002302,-1.3560056686401367e-06,10615.600159372574,28796.142757341997,25927.32905344615,18497375522.08902,7429953531.357125,0.7134315873400939,0.28656841265990596,12343094.020019861,12364058.435924765,6.0764874709155965,12370569.174869196,3.539498459940265,12.354740917744808,9.602808888888887,2.7519320288559173,6.850879822995934,2.7518346412433794,9.602808888888887,0.9999901669760726,6.076487470915597e-06,0.0,18750000000.0,3.3058023643886885,0.12876509816597823,0.10493099738559855,9.602714464239314,9.632222222222222,0.9907407407407407,3.5594162851662583,6.560139362288275e-08,0.0,11.24268175000907,experiments/results/parameter_sensitivity_v1/traces/c01_s520931.npz,3a4339fdeed2e1db217b0de3e4d727ed205589ac7069775cca7b36efb36f68e9
QAPG-R,c02,520927,100,10,2,37500000000.0,0.125,2000000.0,2,1e-10,3000,300,2.412118327324777,2.139296951843375,0.272821375481402,13384635.29971125,9600266.666666666,3784368.633044583,0.9994408138334266,3.652624686418912,8.94,9600266.666666666,5815746.922510973,3784262.566889797,3784368.633044583,1.9935054511241523,0.14579150071922317,300,25920720000.0,25920025621.38208,6512.719483776898,0.25126207739564854,13040539.052926004,13734917.670847394,-2.3618340492248535e-06,7233.815746312333,28785.849082329154,25920.02562138208,15702516690.779627,10217508930.602451,0.6058063722678664,0.39419362773213357,13367719.133569974,13398168.23262427,-14.477952567141463,13400222.522092927,2.412118327324777,13.384635299711249,9.600266666666666,3.7843686330445827,5.815746922510973,3.784262566889797,9.600266666666666,0.9999732114455957,-1.4477952567141464e-05,0.0,37500000000.0,1.9935054511241523,0.14579150071922317,0.272821375481402,9.60000948940077,8.94,0.9959259259259259,3.652624686418912,9.342878261840715e-09,0.0,11.512715250020847,experiments/results/parameter_sensitivity_v1/traces/c02_s520927.npz,d18b70e5a877c06470d80820516a900f254314e7f02a7b1cd0a13e2c7ce2f2b0
QAPG-R,c02,520928,100,10,2,37500000000.0,0.125,2000000.0,2,1e-10,3000,300,2.4153134120449318,2.142530639480989,0.2727827725639428,13384996.59987062,9601202.962962963,3783793.6369076557,0.9994244907634079,3.6800211367813906,8.994814814814815,9601202.962962963,5817305.622351603,3783869.006366476,3783793.6369076557,1.9949087640028538,0.1476218754781352,300,25923248000.0,25923171497.538815,6521.3462125213155,0.251564366387055,13570397.71527052,13646900.176456198,2.5331974029541016e-07,7241.689503748491,28790.009099823543,25923.171497538813,15706725180.349327,10216446317.189486,0.605895200046821,0.394104799953179,13386957.336130869,13383428.010862421,-22.941747631667702,13385699.843148794,2.4153134120449318,13.38499659987062,9.601202962962963,3.7837936369076557,5.817305622351602,3.783869006366476,9.601202962962963,0.9999970488859581,-2.29417476316677e-05,0.0,37500000000.0,1.9949087640028538,0.1476218754781352,0.2727827725639428,9.601174628718079,8.994814814814815,0.9937037037037038,3.6800211367813906,5.132303098984853e-07,0.0,11.578801166993799,experiments/results/parameter_sensitivity_v1/traces/c02_s520928.npz,6f0fac8136010792aaf687540a0e473f98adc030fb215e570fc8aff1426ff940
QAPG-R,c02,520929,100,10,2,37500000000.0,0.125,2000000.0,2,1e-10,3000,300,2.41003288780384,2.136915854055007,0.2731170337488333,13387535.205761,9601934.814814815,3785600.3909461875,0.9994306841737989,3.6682032215671994,8.982962962962963,9601934.814814815,5816381.831276035,3785590.754194432,3785600.3909461875,1.9937453730802812,0.14317048097472523,300,25925224000.0,25925325980.770264,6507.088797070368,0.2509935189203371,13505153.073236346,13403172.30297625,-5.364418029785156e-06,7225.83880938897,28789.412827697026,25925.325980770263,15704230944.445295,10221095036.324966,0.6057486396157056,0.39425136038429437,13390025.93684188,13385542.620896302,9.2374041125019,13391517.231628068,2.41003288780384,13.387535205761,9.601934814814815,3.7856003909461875,5.816381831276035,3.785590754194432,9.601934814814815,1.0000039336504967,9.237404112501901e-06,0.0,37500000000.0,1.9937453730802812,0.14317048097472523,0.2731170337488333,9.601972585470469,8.982962962962963,0.9966666666666667,3.6682032215671994,1.2081580579980516e-07,0.0,11.5698769169976,experiments/results/parameter_sensitivity_v1/traces/c02_s520929.npz,bd7978bd1ba928df974b169bb0c2d461fce34641e0febafbfe4a57441cd50174
QAPG-R,c02,520930,100,10,2,37500000000.0,0.125,2000000.0,2,1e-10,3000,300,2.4177649081178885,2.1447692171938297,0.2729956909240585,13389630.87997042,9604257.777777778,3785373.1021926426,0.9994372573016962,3.6945283419077493,9.017407407407408,9604257.777777778,5818881.712622172,3785418.679613242,3785373.1021926426,1.9964242482354981,0.14834496895833224,300,25931496000.0,25931611059.035618,6527.965251918299,0.2517377434458972,13291328.201748412,13176269.166130573,-5.066394805908203e-07,7248.697909033256,28797.64773083387,25931.61105903562,15710980624.079865,10220630434.955753,0.6058621112399234,0.3941378887600766,13393857.460872501,13386249.615248755,8.003499106435747,13386882.807417504,2.4177649081178885,13.38963087997042,9.604257777777779,3.7853731021926427,5.818881712622172,3.785418679613242,9.604257777777779,1.0000044370380952,8.003499106435747e-06,0.0,37500000000.0,1.9964242482354981,0.14834496895833224,0.2729956909240585,9.604300392235414,9.017407407407408,0.9959259259259259,3.6945283419077493,2.1991243662468525e-05,0.0,11.63948475001962,experiments/results/parameter_sensitivity_v1/traces/c02_s520930.npz,80ad2f2813528e44560c3e2210f6527c099e1b3e4908ee49289806d83805514d
QAPG-R,c02,520931,100,10,2,37500000000.0,0.125,2000000.0,2,1e-10,3000,300,2.414249337849868,2.141247602474112,0.27300173537575606,13388278.26680872,9602808.888888888,3785469.3779198313,0.9994333973728088,3.702460383453096,9.05037037037037,9602808.888888888,5817342.47393202,3785353.364687575,3785469.3779198313,1.9949620973402071,0.14628550513390517,300,25927584000.0,25927278764.272903,6518.473212194644,0.2514137049036139,13231724.618427455,13536960.345519938,3.896653652191162e-06,7240.000324032651,28795.07103965448,25927.2787642729,15706824679.616455,10220454084.656452,0.6058030548605062,0.39419694513949394,13376058.937469192,13398053.73028034,6.185814888407492,13405808.15875844,2.414249337849868,13.38827826680872,9.602808888888887,3.7854693779198314,5.817342473932021,3.785353364687575,9.602808888888887,0.9999882273748647,6.185814888407492e-06,0.0,37500000000.0,1.9949620973402071,0.14628550513390517,0.27300173537575606,9.602695838619594,9.05037037037037,0.9966666666666667,3.702460383453096,3.402600030032177e-08,0.0,11.673130166978808,experiments/results/parameter_sensitivity_v1/traces/c02_s520931.npz,5fd020edfb1218da603a7e5a3f472b8834dac95483aae3a464a348746a37896d
QAPG-R,c03,520927,100,10,2,75000000000.0,0.25,2000000.0,2,1e-10,3000,300,1.8070872623560044,1.2286804818276977,0.5784067805283071,14461644.524942836,9600277.07315681,4861367.451786028,0.9991759984816662,3.7150615239968627,8.766296296296296,9600266.666666666,4738748.103769527,4861230.137619591,4861367.451786028,1.0713333123819784,0.15734716944571928,300,25920720000.0,25919941251.750618,4879.135608361212,0.18823868314252748,14102819.82756406,14881568.076945841,4.172325134277344e-07,5418.989720439436,28784.702431923055,25919.941251750617,12794619880.177723,13125321371.572897,0.49362071294484827,0.5063792870551518,14443424.062568378,14476220.894842407,-15.686625547382656,14478437.143736912,1.8070872623560044,14.461644524942836,9.600277073156809,4.861367451786029,4.7387481037695265,4.861230137619591,9.600266666666666,0.999969956534796,-1.5686625547382657e-05,0.0,75000000000.0,1.0713333123819784,0.15734716944571928,0.5784067805283071,9.599978241389117,8.766296296296296,0.9951851851851852,3.7150615239968627,2.2732180965656656e-06,0.0,11.690332208003383,experiments/results/parameter_sensitivity_v1/traces/c03_s520927.npz,84e315f0cebf4c653964ed2d591ab79fa0a5214b6534ca5bd0a984c60c654849
QAPG-R,c03,520928,100,10,2,75000000000.0,0.25,2000000.0,2,1e-10,3000,300,1.8109198879106703,1.232713765612123,0.5782061222985476,14461394.378983714,9601226.838117946,4860167.540865768,0.9991273449580415,3.7011474487048366,8.725185185185186,9601202.962962963,4740931.718393491,4860249.804092664,4860167.540865768,1.0727422412376098,0.1599715243745129,300,25923248000.0,25923190110.712616,4889.48369735881,0.18861427457333876,14652074.028726667,14709963.316107169,5.349516868591309e-06,5428.347125448297,28788.94603668389,25923.190110712618,12800515639.662426,13122674471.050194,0.49378628112489453,0.5062137188751056,14463785.582747914,14459481.415972354,-25.001178056878697,14460966.152839342,1.8109198879106703,14.461394378983714,9.601226838117945,4.860167540865768,4.74093171839349,4.860249804092664,9.601202962962963,0.9999977668968262,-2.5001178056878696e-05,0.0,75000000000.0,1.0727422412376098,0.1599715243745129,0.5782061222985476,9.601181522486154,8.725185185185186,0.9951851851851852,3.7011474487048366,4.40000208682019e-07,0.0,11.651820790983038,experiments/results/parameter_sensitivity_v1/traces/c03_s520928.npz,49174017241b9286b92b67b094779fc626dec3d1419180185ddfb27cb3a1ac07
QAPG-R,c03,520929,100,10,2,75000000000.0,0.25,2000000.0,2,1e-10,3000,300,1.8048191555978357,1.2255709697250976,0.5792481858727383,14465515.17860511,9601952.561037406,4863562.617567702,0.9991763945265555,3.6785828053339005,8.700740740740741,9601934.814814815,4738419.60465452,4863553.636193309,4863562.617567702,1.0710130271384541,0.15455794258664352,300,25925224000.0,25925327750.28914,4873.011720114157,0.1879633602726511,14556494.511172175,14452744.222033769,6.854534149169922e-07,5411.10088057615,28788.36325577797,25925.32775028914,12793732932.567204,13131594817.721935,0.49348394187319455,0.5065160581268054,14467960.025399685,14463559.30116945,10.518295596969793,14470182.58355922,1.8048191555978357,14.46551517860511,9.601952561037406,4.863562617567702,4.73841960465452,4.863553636193309,9.601934814814815,1.0000040019052154,1.0518295596969794e-05,0.0,75000000000.0,1.0710130271384541,0.15455794258664352,0.5792481858727383,9.60197324084783,8.700740740740741,0.9981481481481481,3.6785828053339005,5.391492858067282e-09,0.0,11.609329040977173,experiments/results/parameter_sensitivity_v1/traces/c03_s520929.npz,e2ef067523aa0813c080ba166ef7abe7e66f9cc23c37252aa8cc9783629d7fde
QAPG-R,c03,520930,100,10,2,75000000000.0,0.25,2000000.0,2,1e-10,3000,300,1.8129063745116303,1.2343524058070805,0.5785539687045496,14466269.40399483,9604273.556306183,4861995.847688648,0.9991792618081486,3.7157537115530834,8.756666666666666,9604257.777777778,4742258.967126166,4862055.1751819905,4861995.847688648,1.0736492096523507,0.16070319615472994,300,25931496000.0,25931648184.232025,4894.847211181402,0.18875958737392395,14356394.00487732,14204209.772851318,2.5331974029541016e-06,5434.220202311181,28796.61979022715,25931.648184232025,12804099211.24065,13127548972.991375,0.49376341682077496,0.506236583179225,14470858.292168818,14462598.293455644,9.580439018034962,14463750.441266978,1.8129063745116303,14.466269403994831,9.604273556306183,4.861995847688648,4.742258967126166,4.8620551751819905,9.604257777777779,1.0000058687023696,9.580439018034962e-06,0.0,75000000000.0,1.0736492096523507,0.16070319615472994,0.5785539687045496,9.604314142308157,8.756666666666666,0.9962962962962963,3.7157537115530834,2.901358611868965e-08,0.0,11.710878459009109,experiments/results/parameter_sensitivity_v1/traces/c03_s520930.npz,8a1c234594c5840cf3dbfbb9ee5152aecb6299ca676e7830828b22142d9ab974
QAPG-R,c03,520931,100,10,2,75000000000.0,0.25,2000000.0,2,1e-10,3000,300,1.8093577299234178,1.2306537823491814,0.5787039475742362,14465172.849973897,9602811.459589623,4862361.390384272,0.9991543889934137,3.7132045387342156,8.772222222222222,9602808.888888888,4740450.461467581,4862231.13737591,4862361.390384272,1.0724157736730684,0.15823800867611307,300,25927584000.0,25927240316.877422,4885.265870793228,0.18842213097446964,14282504.429496825,14626187.55207397,4.6193599700927734e-07,5425.623216642089,28793.981812447928,25927.24031687742,12799216245.962467,13128024070.914957,0.4936590277072711,0.506340972292729,14452511.53318332,14475301.903406354,5.348386160930828,14482562.30088728,1.8093577299234178,14.465172849973897,9.602811459589622,4.8623613903842715,4.740450461467581,4.86223113737591,9.602808888888887,0.9999867444987324,5.348386160930828e-06,0.0,75000000000.0,1.0724157736730684,0.15823800867611307,0.5787039475742362,9.602681598843489,8.772222222222222,0.9966666666666667,3.7132045387342156,8.146941063432583e-06,0.0,11.716278125008103,experiments/results/parameter_sensitivity_v1/traces/c03_s520931.npz,e0df75cc938158c5ff05292ff891a99f8735f4c286a8b4bb1f646c558874ec66
QAPG-R,c04,520927,100,10,2,150000000000.0,0.5,2000000.0,2,1e-10,3000,300,1.6828726788181283,0.8247194347658613,0.8581532440522667,16546157.777928421,9600616.217114609,6945541.560813811,0.99712266461092,3.3710712829553007,8.61962962962963,9600266.666666666,4045397.986718593,5554672.623086659,5554717.568836963,0.6652018950046911,0.15951753976117028,300,25920720000.0,25920190646.474182,4543.756232808946,0.17529794802751633,16275337.92945752,16804691.455273513,2.9765069484710693e-06,5045.763115224241,28782.779308544727,25920.19064647418,10922574564.140202,14997616082.33398,0.421392524195263,0.578607475804737,16519031.422315026,16567858.862419138,-24.223419237604364,16571343.120445289,1.6828726788181283,16.54615777792842,9.60061621711461,6.945541560813811,4.045397986718593,5.55467262308666,9.600266666666666,0.9999795779775478,-2.4223419237604364e-05,0.0,150000000000.0,0.6652018950046911,0.15951753976117028,0.8581532440522667,9.600070609805252,8.61962962962963,0.9962962962962963,3.3710712829553007,4.881473562009034e-06,0.0,10.667902541026706,experiments/results/parameter_sensitivity_v1/traces/c04_s520927.npz,3290d5574f8dcacc1cd1ec04879101672f3dd132dffe5a36a894df8bc347a64d
QAPG-R,c04,520928,100,10,2,150000000000.0,0.5,2000000.0,2,1e-10,3000,300,1.686558072014357,0.8288463323289451,0.8577117396854117,16544483.497542877,9601586.035964683,6942897.461578197,0.9971247690666437,3.3759897717714518,8.608148148148148,9601202.962962963,4047650.268310484,5553509.83416406,5553448.990948775,0.6663134893425486,0.1625328429863965,300,25923248000.0,25923132276.681267,4553.706794438764,0.1756619048129063,16614257.404719254,16729980.72345227,1.2516975402832031e-06,5054.798419476188,28786.92601927655,25923.132276681266,10928655724.438307,14994476552.242962,0.42157929095123287,0.5784207090487672,16548571.494832547,16541213.09971114,-38.25136616543613,16538632.891549937,1.686558072014357,16.544483497542878,9.601586035964683,6.942897461578196,4.047650268310484,5.55350983416406,9.601202962962963,0.9999955359251768,-3.825136616543613e-05,0.0,150000000000.0,0.6663134893425486,0.1625328429863965,0.8577117396854117,9.601160102474543,8.608148148148148,0.9981481481481481,3.3759897717714518,2.8358565242608824e-08,0.0,10.672192958008964,experiments/results/parameter_sensitivity_v1/traces/c04_s520928.npz,6a9de786756072080d995cb1f7641d4507a9757d76faaa9a0f2f1a5761bb344e
QAPG-R,c04,520929,100,10,2,150000000000.0,0.5,2000000.0,2,1e-10,3000,300,1.6810576832093516,0.8217499710528039,0.8593077121565479,16553894.147017743,9602276.305925185,6951617.841092559,0.997038140698649,3.3326982629498363,8.53111111111111,9601934.814814815,4045073.83156969,5557040.74922238,5556908.390652533,0.6650398494271373,0.15671012162566647,300,25925224000.0,25925709368.13859,4538.855744665249,0.1750716125146137,17029775.475695092,16544407.337106312,-1.514330506324768e-06,5038.791741393829,28786.271592662895,25925.709368138592,10921699345.238163,15004010022.900427,0.4212690650100548,0.5787309349899451,16557660.405541789,16550881.14019851,18.493136108940703,16562652.373123169,1.6810576832093516,16.553894147017743,9.602276305925185,6.951617841092559,4.04507383156969,5.55704074922238,9.601934814814815,1.0000187218493692,1.8493136108940705e-05,0.0,150000000000.0,0.6650398494271373,0.15671012162566647,0.8593077121565479,9.60211458079207,8.53111111111111,0.9981481481481481,3.3326982629498363,1.2708375931452798e-09,0.0,10.567766916996334,experiments/results/parameter_sensitivity_v1/traces/c04_s520929.npz,ded43e35c96949820e3a8fb005db76073916b633215ad2732cdff39fb52c2dfe
QAPG-R,c04,520930,100,10,2,150000000000.0,0.5,2000000.0,2,1e-10,3000,300,1.6889116572187157,0.8304835309159676,0.8584281263027479,16551752.52816908,9604680.434413824,6947072.093755255,0.9971375499116463,3.3829865206347742,8.60962962962963,9604257.777777778,4049025.549179773,5555303.474770082,5555232.455958449,0.6670346264262412,0.16344890448972627,300,25931496000.0,25931688364.66461,4560.061474490532,0.17584900027968195,16441519.230769854,16249154.566159751,-1.4565885066986084e-06,5061.492357652293,28794.57484543384,25931.688364664613,10932368982.785387,14999319381.879223,0.42158338589639227,0.5784166141036077,16558391.236619607,16546441.561408661,16.54174141433217,16550861.985866258,1.6889116572187157,16.551752528169082,9.604680434413824,6.9470720937552555,4.049025549179773,5.555303474770082,9.604257777777779,1.0000074181861551,1.654174141433217e-05,0.0,150000000000.0,0.6670346264262412,0.16344890448972627,0.8584281263027479,9.604329023949857,8.60962962962963,0.9981481481481481,3.3829865206347742,1.6239113873051103e-10,0.0,10.703330917021958,experiments/results/parameter_sensitivity_v1/traces/c04_s520930.npz,d26c70e6227784710cfb61a55ae5df706b23bbe5f0341939976fffd801ca389c
QAPG-R,c04,520931,100,10,2,150000000000.0,0.5,2000000.0,2,1e-10,3000,300,1.6852577128699475,0.8266314829399879,0.8586262299299593,16551200.731103688,9603182.675611677,6948018.05549201,0.9971802071428549,3.376841085350693,8.595185185185185,9602808.888888888,4047197.6078917426,5555631.175558528,5555614.24396011,0.666099878097451,0.16053160484253692,300,25927584000.0,25927637715.31573,4550.195824748858,0.17549596591520597,16555781.08834768,16502065.772617284,5.587935447692871e-08,5052.216945535662,28792.105934227384,25927.63771531573,10927433541.307705,15000204174.008026,0.42145889499423056,0.5785411050057694,16532938.150047716,16565810.795948466,7.009594201643283,16577684.691646723,1.6852577128699475,16.551200731103688,9.603182675611677,6.94801805549201,4.047197607891743,5.555631175558528,9.602808888888887,1.000002071743967,7.009594201643284e-06,0.0,150000000000.0,0.666099878097451,0.16053160484253692,0.8586262299299593,9.60282878345027,8.595185185185185,0.9977777777777778,3.376841085350693,6.591722480353557e-10,0.0,10.687656166002853,experiments/results/parameter_sensitivity_v1/traces/c04_s520931.npz,e51e59f44f7b090f14a32b822b5e818fbbb852b0f3605d2352cc81f8618ad459
QAPG-R,c05,520927,100,10,2,600000000000.0,2,2000000.0,2,1e-10,3000,300,1.647244453505843,0.7889421245383461,0.8583023289674974,57232510.961841285,29438366.062287763,27794144.899553515,0.9929695428967935,2.220133274741885,9.571851851851852,9600266.666666666,4043088.829688732,5556746.9135155715,5556874.406566253,0.6618738155821252,0.12706830895622084,300,25920720000.0,25919556506.65162,4447.560024465776,0.17159089984137724,56517329.233238414,57680822.58161914,1.1920928955078125e-07,4923.483439388165,28741.903177418382,25919.556506651617,10916339840.159576,15003216666.492043,0.42116229254764315,0.5788377074523569,57104671.74378516,57334782.33628617,-107.27297659765539,57306149.52101789,1.647244453505843,57.232510961841285,29.438366062287763,27.794144899553515,4.043088829688732,5.556746913515571,9.600266666666666,0.9999551133861876,-0.00010727297659765539,0.0,600000000000.0,0.6618738155821252,0.12706830895622084,0.8583023289674974,9.599835743204302,9.571851851851852,0.9988888888888889,2.220133274741885,1.1834014324030306e-10,0.0,7.2163680419907905,experiments/results/parameter_sensitivity_v1/traces/c05_s520927.npz,4741193e74a44993c6c1846a693b65df8a3e37f755fa696171a25a53fbe9abbf
QAPG-R,c05,520928,100,10,2,600000000000.0,2,2000000.0,2,1e-10,3000,300,1.650843044829626,0.7928009512366767,0.8580420935929493,57257415.262953356,29469489.291459963,27787925.9714934,0.9930312449392489,2.23988338969691,9.598888888888888,9601202.962962963,4045129.106324983,5556064.964387814,5555977.445981665,0.6629076246179141,0.12989332661876282,300,25923248000.0,25923223990.924553,4457.276221039991,0.1719414306878047,57610183.0475181,57634192.122965865,9.015202522277832e-07,4932.124065587017,28746.021807877034,25923.223990924555,10921848587.077454,15001375403.847097,0.4213152110594376,0.5786847889405623,57281259.26987072,57238340.05741949,-155.10610661922593,57236894.56800038,1.650843044829626,57.25741526295336,29.46948929145996,27.7879259714934,4.045129106324983,5.556064964387813,9.601202962962963,0.999999073839997,-0.00015510610661922591,0.0,600000000000.0,0.6629076246179141,0.12989332661876282,0.8580420935929493,9.601194070712799,9.598888888888888,0.9996296296296296,2.23988338969691,1.13864910555872e-10,1.7763568394002505e-15,7.26490308297798,experiments/results/parameter_sensitivity_v1/traces/c05_s520928.npz,3a51606e0e1b7a4b94e4d269ff3da066f7f18cfdc231663b2649e10a32bdb157
QAPG-R,c05,520929,100,10,2,600000000000.0,2,2000000.0,2,1e-10,3000,300,1.6458381889662066,0.7862649583213877,0.8595732306448188,57257188.11933632,29435575.509974647,27821612.609361675,0.9930186314485401,2.214408551452733,9.565925925925926,9601934.814814815,4042788.9312175554,5559496.076317222,5559343.82251605,0.6617202387904075,0.12454471953098029,300,25925224000.0,25926169520.343903,4443.763110208758,0.17140068094987188,58192715.70807407,57247195.36417363,-3.553926944732666e-06,4917.319423802855,28745.568804635826,25926.1695203439,10915530114.2874,15010639406.0565,0.4210236342750955,0.5789763657249044,57284175.77420451,57235597.99544177,68.70960628121831,57273061.77318456,1.6458381889662066,57.25718811933632,29.435575509974647,27.821612609361676,4.042788931217555,5.559496076317222,9.601934814814815,1.0000364710578356,6.870960628121831e-05,0.0,600000000000.0,0.6617202387904075,0.12454471953098029,0.8595732306448188,9.602285007534778,9.565925925925926,0.9996296296296296,2.214408551452733,5.620706233777639e-09,1.7763568394002505e-15,7.18848725000862,experiments/results/parameter_sensitivity_v1/traces/c05_s520929.npz,fc82d0a5829925a25e03b9f5dfc06114f668e1d65c5c8c0229ebd2b7012b5fec
QAPG-R,c05,520930,100,10,2,600000000000.0,2,2000000.0,2,1e-10,3000,300,1.6531142117991704,0.7944904002888575,0.8586238115103128,57296943.096876435,29495850.377776954,27801092.719099488,0.9928526953839254,2.249409807457899,9.582962962962963,9604257.777777778,4046724.1415936137,5557442.501861498,5557483.19060625,0.6636967508939555,0.13079364939490212,300,25931496000.0,25931249937.328804,4463.40837185776,0.17212469058163493,57290214.72727987,57536277.398476675,-1.0281801223754883e-06,4938.339186578176,28753.287722601523,25931.249937328805,10926155182.302757,15005094755.026045,0.4213508877786193,0.5786491122213806,57310820.92148365,57285840.83719069,-19.236185241458454,57232731.95957474,1.6531142117991704,57.29694309687643,29.495850377776954,27.80109271909949,4.0467241415936135,5.557442501861498,9.604257777777779,0.9999905110499141,-1.9236185241458454e-05,0.0,600000000000.0,0.6636967508939555,0.13079364939490212,0.8586238115103128,9.604166643455113,9.582962962962963,0.9981481481481481,2.249409807457899,3.4200866860789603e-09,0.0,7.297541582986014,experiments/results/parameter_sensitivity_v1/traces/c05_s520930.npz,09b367d5a5577e4965780ed7c481c4af24a7ec21985b9f7a39a12b92584b4c93
QAPG-R,c05,520931,100,10,2,600000000000.0,2,2000000.0,2,1e-10,3000,300,1.6497823078936469,0.7908659610346623,0.8589163468589844,57274658.69666924,29467648.31776517,27807010.378904074,0.9930043013735724,2.241689551694974,9.58148148148148,9602808.888888888,4044894.4526906535,5557993.403080651,5557968.288839226,0.6627904288493479,0.1280755321853144,300,25927584000.0,25927797210.58252,4454.412231312846,0.17180064295993347,57184568.8744145,56971358.29189414,2.682209014892578e-06,4930.05859528385,28751.636641708108,25927.79721058252,10921215022.264765,15006582188.317757,0.4212164625310797,0.5787835374689204,57170635.036131814,57357877.62509918,76.6056882971237,57452432.525724106,1.6497823078936469,57.27465869666924,29.467648317765168,27.807010378904074,4.044894452690653,5.55799340308065,9.602808888888887,1.0000082233108383,7.66056882971237e-05,0.0,600000000000.0,0.6627904288493479,0.1280755321853144,0.8589163468589844,9.602887855771304,9.58148148148148,0.9988888888888889,2.241689551694974,2.2787868814155843e-10,0.0,7.277071416989202,experiments/results/parameter_sensitivity_v1/traces/c05_s520931.npz,1a22035ee6e1a77ce41dbcfeb6d1fd6a461c0d8171bd1203d05b4e07b132afd1
QAPG-R,c06,520927,100,10,2,1200000000000.0,4,2000000.0,2,1e-10,3000,300,1.635074263965566,0.7757683248689522,0.859305939096614,114429704.21480973,58795793.734268494,55633910.48054124,0.986526830683234,1.584553679039581,8.716296296296296,9600266.666666666,4040531.054132325,5559141.581297811,5559334.841396758,0.660407285039246,0.11536103982970623,300,25920720000.0,25919116115.66137,4414.700512707028,0.1703260440289277,113528558.94438066,115132443.28301187,5.21540641784668e-07,4866.879277175396,28684.451556716987,25919.11611566137,10909433846.157278,15009682269.504091,0.42090300446493084,0.5790969955350692,114198882.58760498,114614361.51657353,-163.46079186456265,114544363.0016585,1.635074263965566,114.42970421480973,58.79579373426849,55.63391048054124,4.040531054132325,5.559141581297811,9.600266666666666,0.9999381234649874,-0.00016346079186456265,0.0,1200000000000.0,0.660407285039246,0.11536103982970623,0.859305939096614,9.599672635430137,8.716296296296296,1.0,1.584553679039581,9.999795436144154e-11,0.0,5.299763042014092,experiments/results/parameter_sensitivity_v1/traces/c06_s520927.npz,1cb3021639516f8b41710931cf77f3acc5a59a5ed57dde8be6394ac9ac10f6f9
QAPG-R,c06,520928,100,10,2,1200000000000.0,4,2000000.0,2,1e-10,3000,300,1.6386679633302892,0.7795713010186154,0.8590966623116738,114483289.86271524,58859421.23252801,55623868.63018724,0.9866256514161628,1.5915063571365964,8.732592592592592,9601202.962962963,4042657.8089042692,5558589.267045813,5558435.947946048,0.6614767183122886,0.11809458270632667,300,25923248000.0,25923367105.065216,4424.403500991781,0.1706724085285699,115134548.87084165,115015443.80562273,3.1888484954833984e-06,4875.280954407077,28688.64055619438,25923.367105065216,10915176084.041527,15008191021.023693,0.4210554917423821,0.578944508257618,114534985.26417293,114441933.54154912,-308.5173129466039,114402100.9415835,1.6386679633302892,114.48328986271524,58.85942123252801,55.623868630187246,4.042657808904269,5.558589267045813,9.601202962962963,1.0000045945270908,-0.0003085173129466039,0.0,1200000000000.0,0.6614767183122886,0.11809458270632667,0.8590966623116738,9.601247075950079,8.732592592592592,1.0,1.5915063571365964,9.999009953354232e-11,0.0,5.332686583977193,experiments/results/parameter_sensitivity_v1/traces/c06_s520928.npz,e541423b113292158b7d83b6e16704a5d9922ce2f57dd86c65fe4668638cd508
QAPG-R,c06,520929,100,10,2,1200000000000.0,4,2000000.0,2,1e-10,3000,300,1.6336990354154446,0.7731821682734537,0.8605168671419912,114473788.23500489,58787379.11797327,55686409.117031604,0.9866184189458814,1.5980343414466243,8.741111111111111,9601934.814814815,4040193.137419157,5561776.450358365,5561792.901955825,0.6602331829066463,0.11294898536680723,300,25925224000.0,25925317886.99931,4410.987395621701,0.17014207558988756,115209793.60305244,115115906.60374339,1.1175870895385742e-06,4860.951492267188,28687.700093396255,25925.31788699931,10908521471.031725,15016796415.967585,0.42076712496173435,0.5792328750382657,114532195.95544638,114427062.05865166,95.95232671788796,114447745.64189857,1.6336990354154446,114.47378823500489,58.787379117973266,55.6864091170316,4.040193137419157,5.561776450358365,9.601934814814815,1.000003621453736,9.595232671788795e-05,0.0,1200000000000.0,0.6602331829066463,0.11294898536680723,0.8605168671419912,9.601969587777521,8.741111111111111,1.0,1.5980343414466243,9.999706618302184e-11,0.0,5.336203540995484,experiments/results/parameter_sensitivity_v1/traces/c06_s520929.npz,eea66b4affdde0b66089fac641bdca310e53c14b27f92b44c995692d27e8e06b
QAPG-R,c06,520930,100,10,2,1200000000000.0,4,2000000.0,2,1e-10,3000,300,1.640778925910726,0.7810561434766942,0.8597227824340317,114559804.38525386,58907772.24322459,55652032.14202926,0.9863669736072034,1.6055477819840975,8.722962962962963,9604257.777777778,4044209.400512095,5560053.786223252,5560046.459102062,0.6622425791119649,0.1188135643647292,300,25931496000.0,25931510604.185432,4430.10309995896,0.17083860510786927,114967138.63691089,114952534.45147541,1.6391277313232422e-06,4880.991533238825,28695.871465548524,25931.510604185434,10919365381.382656,15012145222.80278,0.4210848163862939,0.5789151836137062,114589058.47398232,114536401.11427107,-60.4404055761523,114387560.9840979,1.640778925910726,114.55980438525386,58.90777224322459,55.65203214202926,4.044209400512095,5.560053786223253,9.604257777777779,1.0000005631832978,-6.0440405576152304e-05,0.0,1200000000000.0,0.6622425791119649,0.1188135643647292,0.8597227824340317,9.604263186735347,8.722962962962963,1.0,1.6055477819840975,9.999864825083193e-11,0.0,5.3567715829994995,experiments/results/parameter_sensitivity_v1/traces/c06_s520930.npz,6364d53ff8e25deab51ff67316fa73291f0de7664f31b3a4d6d5d4ceecd2ffd2
QAPG-R,c06,520931,100,10,2,1200000000000.0,4,2000000.0,2,1e-10,3000,300,1.6376864763120222,0.7777258164052766,0.8599606599067456,114514801.55388509,58853355.77335312,55661445.78053198,0.9867407460000195,1.6019171123453244,8.738148148148149,9602808.888888888,4042391.2402929026,5560480.713019779,5560480.711252416,0.6613489629299103,0.11637685347536625,300,25927584000.0,25927754273.944237,4421.75348604246,0.1705413218331078,114420052.089404,114249778.14516647,1.8328428268432617e-06,4873.624446289223,28694.358221854833,25927.754273944236,10914456348.790836,15013297925.153404,0.42095648676210956,0.5790435132378906,114320751.71026066,114670041.42878467,173.45091056418195,114865435.57638372,1.6376864763120222,114.51480155388509,58.85335577335312,55.66144578053198,4.042391240292902,5.560480713019779,9.602808888888887,1.0000065672892715,0.00017345091056418196,0.0,1200000000000.0,0.6613489629299103,0.11637685347536625,0.8599606599067456,9.60287195331268,8.738148148148149,0.9996296296296296,1.6019171123453244,1.8944207313964512e-10,0.0,5.359737457998563,experiments/results/parameter_sensitivity_v1/traces/c06_s520931.npz,3ac2ce6813c046271c3c2d349e090fe22daa5db5b7cbd5e026312cf9852b9149
QAPG-R,c07,520927,100,10,2,2400000000000.0,8,2000000.0,2,1e-10,3000,300,1.6225197200266963,0.7616377200543034,0.8608819999723927,228765626.84470406,117358756.96447209,111406869.88023198,0.974846929948226,1.1370169805660326,7.956296296296296,9600266.666666666,4036727.238254013,5562690.165689201,5562999.863773881,0.6583527575023537,0.10328496255194969,300,25920720000.0,25918426990.646675,4380.80324407208,0.16902272833351362,227775807.4151274,230068816.76845196,-2.682209014892578e-07,4789.682940246732,28569.51518323155,25918.426990646676,10899163543.285835,15019263447.360842,0.42051794066125525,0.5794820593387449,228349886.51319212,229098219.10991365,-267.70444208401375,228916102.7367965,1.6225197200266963,228.76562684470406,117.35875696447208,111.40686988023198,4.036727238254013,5.562690165689201,9.600266666666666,0.9999115375902627,-0.0002677044420840138,0.0,2400000000000.0,0.6583527575023537,0.10328496255194969,0.8608819999723927,9.599417403943214,7.956296296296296,1.0,1.1370169805660326,9.999623351575337e-11,2.842170943040401e-14,3.963120624976,experiments/results/parameter_sensitivity_v1/traces/c07_s520927.npz,c8ea0fb501c8ae75d6f90312d65278da32d1dc6e2a4fa85f0652d71b4a7063ea
QAPG-R,c07,520928,100,10,2,2400000000000.0,8,2000000.0,2,1e-10,3000,300,1.6260384334782982,0.7653306367508051,0.860707796727493,228876270.69782725,117486140.28614266,111390130.41168459,0.9747409394675574,1.1446018704790968,7.955555555555556,9601202.962962963,4038878.9898050465,5562229.320753264,5562070.186826417,0.6594278004259189,0.10590283632488624,300,25923248000.0,25922992438.50744,4390.303770391405,0.1693594511052592,229243443.31558698,229499004.80814815,-7.152557373046875e-07,4797.889354186416,28574.15699519185,25922.992438507437,10904973272.473625,15018019166.033813,0.4206679957316493,0.5793320042683506,228954106.41965082,228814002.12036836,-685.4000344673894,228647468.2408592,1.6260384334782982,228.87627069782724,117.48614028614266,111.39013041168458,4.038878989805046,5.562229320753264,9.601202962962963,0.9999901416098569,-0.0006854000344673894,0.0,2400000000000.0,0.6594278004259189,0.10590283632488624,0.860707796727493,9.60110831055831,7.955555555555556,1.0,1.1446018704790968,9.999223671286472e-11,0.0,3.9790053330070805,experiments/results/parameter_sensitivity_v1/traces/c07_s520928.npz,24115c5a46db1faf27d164da3d7ebde674876d7f6dc9f8edfe6ce64add34e9dc
QAPG-R,c07,520929,100,10,2,2400000000000.0,8,2000000.0,2,1e-10,3000,300,1.62123251082981,0.7592285842681462,0.8620039265616638,228838926.00990722,117334798.58191651,111504127.42799075,0.9751784712013695,1.1483479707062036,7.974444444444444,9601934.814814815,4036292.6221266007,5565130.089150029,5565455.263646072,0.6581341288712707,0.10109445539687567,300,25925224000.0,25923841320.4469,4377.327779240487,0.16885336262986456,228909132.88883096,230291812.44193262,5.960464477539063e-08,4784.361054172579,28572.52418755807,25923.8413204469,10897990079.741821,15025851240.705078,0.4203848474857873,0.5796151525142127,228944981.4771195,228754081.63613746,47.11836262706351,228676936.46730843,1.62123251082981,228.83892600990723,117.33479858191652,111.50412742799075,4.0362926221266004,5.5651300891500295,9.601934814814815,0.9999466666304175,4.7118362627063514e-05,0.0,2400000000000.0,0.6581341288712707,0.10109445539687567,0.8620039265616638,9.60142271127663,7.974444444444444,1.0,1.1483479707062036,9.999856498410509e-11,0.0,3.985702375008259,experiments/results/parameter_sensitivity_v1/traces/c07_s520929.npz,cbef117a5e6debd1dcebd7f5bd0690242deef7d20433d884df2e3a87512ef034
QAPG-R,c07,520930,100,10,2,2400000000000.0,8,2000000.0,2,1e-10,3000,300,1.6281182948364912,0.7666984301565727,0.8614198646799185,229035407.43988588,117581777.99075633,111453629.44912955,0.9747653968178841,1.1548979718052712,7.960740740740741,9604257.777777778,4040467.784373141,5563866.700724873,5563840.506081633,0.6602087816318976,0.10648964852467516,300,25931496000.0,25931703109.764633,4395.919396058526,0.16951911632843097,229327789.4669646,229120679.70233136,1.7881393432617188e-07,4803.460795222549,28581.703320297667,25931.703109764632,10909263017.80748,15022440091.957155,0.420692114653263,0.579307885346737,229074355.82193223,229004248.73424885,-121.01830717827094,228744922.73086452,1.6281182948364912,229.0354074398859,117.58177799075634,111.45362944912955,4.040467784373141,5.563866700724873,9.604257777777779,1.0000079868035625,-0.00012101830717827095,0.0,2400000000000.0,0.6602087816318976,0.10648964852467516,0.8614198646799185,9.604334485098011,7.960740740740741,1.0,1.1548979718052712,9.999090444523517e-11,0.0,4.005162166984519,experiments/results/parameter_sensitivity_v1/traces/c07_s520930.npz,0af9737efc32e9138515fd5a6272be688e69de140cc08ce02a3763721934aca9
QAPG-R,c07,520931,100,10,2,2400000000000.0,8,2000000.0,2,1e-10,3000,300,1.6253055230002542,0.7636913591121359,0.8616141638881186,228947123.64251316,117478428.43661901,111468695.20589414,0.975372491023276,1.1560428846968096,7.949259259259259,9602808.888888888,4038711.3589542448,5564199.837324559,5564220.012583032,0.6593530415555374,0.10433831755659843,300,25927584000.0,25927860229.952766,4388.324912100687,0.16925133324465938,228551656.28437525,228275426.33160567,2.1457672119140625e-06,4796.95255513462,28580.332573668395,25927.860229952767,10904520669.17646,15023339560.776308,0.4205715617279971,0.579428438272003,228582790.62638348,229238590.0554169,522.049729785286,229749615.02327922,1.6253055230002542,228.94712364251316,117.47842843661901,111.46869520589414,4.038711358954245,5.5641998373245585,9.602808888888887,1.0000106539025297,0.000522049729785286,0.0,2400000000000.0,0.6593530415555374,0.10433831755659843,0.8616141638881186,9.602911196278802,7.949259259259259,1.0,1.1560428846968096,9.999867600640755e-11,2.842170943040401e-14,4.014112040982582,experiments/results/parameter_sensitivity_v1/traces/c07_s520931.npz,319ef85716ced3c1187edaad168d31fc9692b34a77513f6158ca35d7145ba68e
QAPG-R,c08,520927,100,10,2,4800000000000.0,16,2000000.0,2,1e-10,3000,300,1.608792550954794,0.7472820223788385,0.8615105285759554,456832579.5747668,233907406.663836,222925172.91093075,0.9558214573774731,0.854258011267693,7.236666666666666,9600266.666666666,4029894.5629988043,5564118.488992159,5567104.725370871,0.6548807618740203,0.09240126050481816,300,25920720000.0,25903835240.3756,4343.739887577944,0.16768713386531564,442594767.5641882,459479527.18858904,1.9669532775878906e-06,4676.994542360218,28340.10447281141,25903.8352403756,10880715320.096771,15023119920.27883,0.4200426392126405,0.5799573607873595,455472826.37660736,457920382.1332943,-506.216480172591,457437705.8986948,1.608792550954794,456.83257957476684,233.907406663836,222.92517291093074,4.0298945629988046,5.564118488992159,9.600266666666666,0.9993485998990614,-0.000506216480172591,0.0,4800000000000.0,0.6548807618740203,0.09240126050481816,0.8615105285759554,9.594013051990963,7.236666666666666,1.0,0.854258011267693,9.99955673819386e-11,0.0,3.1101288750069216,experiments/results/parameter_sensitivity_v1/traces/c08_s520927.npz,a80e39bd89b17ce58840e2f2c5f8c24648ab179b49bdf82d4fd7ecaf1eeb1e1e
QAPG-R,c08,520928,100,10,2,4800000000000.0,16,2000000.0,2,1e-10,3000,300,1.6122101993609617,0.7508469959139853,0.8613632034469764,457058851.0753162,234161840.31267515,222897010.76264116,0.9550579926159474,0.8604143601109239,7.247407407407407,9601202.962962963,4032058.517922203,5563732.54457962,5566068.559433973,0.6559548561284885,0.09489213978549692,300,25923248000.0,25908635868.75492,4352.967538274596,0.16801222419911932,443609824.5975207,458221955.84259987,-1.9073486328125e-06,4685.111458084073,28345.4340441574,25908.635868754922,10886557998.389948,15022077870.364973,0.42019032007466006,0.5798096799253399,456538487.86888164,457475141.640464,-1538.071567653567,456875175.3536633,1.6122101993609617,457.05885107531617,234.16184031267514,222.89701076264117,4.032058517922203,5.5637325445796195,9.601202962962963,0.999436331001228,-0.001538071567653567,0.0,4800000000000.0,0.6559548561284885,0.09489213978549692,0.8613632034469764,9.595791062501823,7.247407407407407,1.0,0.8604143601109239,9.99964555603583e-11,1.1368683772161603e-13,3.1275703749852255,experiments/results/parameter_sensitivity_v1/traces/c08_s520928.npz,e95403fd1dbf7ce3b20e85e75c080266af82aeb456b35df5df6effb4c086117e
QAPG-R,c08,520929,100,10,2,4800000000000.0,16,2000000.0,2,1e-10,3000,300,1.607627035488408,0.745063511618308,0.8625635238701,456965889.53954,233857910.83317143,223107978.70636863,0.9563983469458806,0.8599604523193126,7.293703703703704,9601934.814814815,4029458.2793551493,5566414.544922017,5569650.753841712,0.6546637854770818,0.0903997261412262,300,25925224000.0,25908856625.548347,4340.592995818702,0.1675331744102712,442971035.67901886,459338410.1306684,4.0531158447265625e-06,4672.494535429641,28343.47758986933,25908.85662554835,10879537354.258904,15029319271.289446,0.41991576515695217,0.5800842348430479,456489137.83582133,457347290.902515,-231.90512272408182,457081550.1307317,1.607627035488408,456.96588953954,233.85791083317142,223.1079787063686,4.02945827935515,5.566414544922017,9.601934814814815,0.9993686698926245,-0.00023190512272408182,0.0,4800000000000.0,0.6546637854770818,0.0903997261412262,0.8625635238701,9.595872824277166,7.293703703703704,1.0,0.8599604523193126,9.999689964956815e-11,1.1368683772161603e-13,3.123731375002535,experiments/results/parameter_sensitivity_v1/traces/c08_s520929.npz,7a55937ed254eb4bc50824494134be7b936c81b8f52fd58925c76916a1a54f48
QAPG-R,c08,520930,100,10,2,4800000000000.0,16,2000000.0,2,1e-10,3000,300,1.614256114034035,0.7521366348021744,0.8621194792318612,457377488.65871185,234346597.94896257,223030890.70974925,0.9556533007395778,0.855195294802629,7.233333333333333,9604257.777777778,4033625.470929571,5565446.119947595,5568081.692851065,0.6567172172177124,0.09541941758446203,300,25931496000.0,25917493295.368347,4358.491507891895,0.16816794194640694,443516741.3276804,457519445.959332,-4.76837158203125e-07,4690.741510750016,28353.304554040664,25917.493295368346,10890788771.509842,15026704523.858505,0.4202099580925177,0.5797900419074823,456720349.71426445,457903199.81426984,-355.4092587336989,457669741.8774326,1.614256114034035,457.37748865871185,234.34659794896257,223.03089070974926,4.033625470929571,5.565446119947595,9.604257777777779,0.999460011692667,-0.0003554092587336989,0.0,4800000000000.0,0.6567172172177124,0.09541941758446203,0.8621194792318612,9.599071590877164,7.233333333333333,1.0,0.855195294802629,9.99964555603583e-11,0.0,3.114564749994315,experiments/results/parameter_sensitivity_v1/traces/c08_s520930.npz,f8691100119e2b9d659476170dd9b98425ec0f71df4b9a9f66372732aae1b76f
QAPG-R,c08,520931,100,10,2,4800000000000.0,16,2000000.0,2,1e-10,3000,300,1.611757144677235,0.7494430793042683,0.8623140653729667,457219248.59126455,234158418.19053176,223060830.40073282,0.9568998497813683,0.8578059772952218,7.241851851851852,9602808.888888888,4032002.790504017,5565773.902217379,5568411.463049124,0.6559397409626699,0.0935033383415984,300,25927584000.0,25913997070.34777,4351.744290628534,0.16793026096340966,443033107.18831146,456620036.8405421,-2.384185791015625e-07,4684.8351332808215,28351.987963159456,25913.99707034777,10886407534.360846,15027589535.986923,0.4200975829706207,0.5799024170293792,455931288.09723926,458249616.9864849,1489.4574481873988,459585503.7143474,1.611757144677235,457.21924859126455,234.15841819053176,223.0608304007328,4.032002790504017,5.565773902217379,9.602808888888887,0.9994759662276196,0.0014894574481873987,0.0,4800000000000.0,0.6559397409626699,0.0935033383415984,0.8623140653729667,9.597776692721396,7.241851851851852,1.0,0.8578059772952218,9.999778782798785e-11,5.684341886080802e-14,3.1182689999986906,experiments/results/parameter_sensitivity_v1/traces/c08_s520931.npz,4e62ab1fe29832ce56823ecb57a0ac179b444b88266acee65cf6c718ec34c0bb
QAPG-R,c09,520927,100,10,1,300000000000.0,1,2000000.0,2,1e-10,3000,300,0.25853310526632006,0.15710470101055096,0.10142840425576916,8205525.093569207,4863915.197645572,3341609.895923636,0.9852712987305741,1.7651556878505896,7.758518518518518,4805961.481481481,2085320.108150726,2720517.782182638,2720695.469761204,0.09447070491327288,0.06263399609727809,300,12976096000.0,12975762303.900082,698.0393842190642,0.05379563588408651,7982393.582515312,8316089.682433421,6.612390279769897e-07,774.9985375590084,14405.587910317567,12975.762303900081,5630364292.00696,7345398011.893123,0.43391395126856325,0.5660860487314369,8198598.489330899,8211066.376959854,41.157602745329775,8266539.241543379,0.25853310526632006,8.205525093569207,4.863915197645572,3.3416098959236358,2.085320108150726,2.7205177821826383,4.805961481481481,0.9999742837830485,4.1157602745329775e-05,0.0,300000000000.0,0.09447070491327288,0.06263399609727809,0.10142840425576916,4.805837890333363,7.758518518518518,1.0,1.7651556878505896,9.999952038305948e-11,0.0,5.86756833299296,experiments/results/parameter_sensitivity_v1/traces/c09_s520927.npz,1994b2e6f066e01ddf63b8cb9e61f60d842d6721dc307eab3b8887045340d109
QAPG-R,c09,520928,100,10,1,300000000000.0,1,2000000.0,2,1e-10,3000,300,0.2592594373856502,0.15836594236976445,0.10089349501588572,8189795.609120133,4859896.770297435,3329898.838822698,0.9848882770901378,1.77574248059601,7.779259259259259,4801211.851851852,2086265.6675526202,2715043.1043633777,2714962.283487395,0.09463307198692843,0.06373287038283605,300,12963272000.0,12963533684.173193,700.0004809412555,0.05399765974271861,8194998.695296304,7933314.522102947,1.3159587979316711e-06,776.7358595655738,14396.170685477897,12963.533684173193,5632917302.392075,7330616381.781119,0.4345202041067816,0.5654797958932184,8191351.265854478,8188551.083732656,-6.53689311628833,8164726.563818029,0.2592594373856502,8.189795609120134,4.859896770297435,3.3298988388226984,2.0862656675526203,2.7150431043633776,4.801211851851852,1.000020186583541,-6.53689311628833e-06,0.0,300000000000.0,0.09463307198692843,0.06373287038283605,0.10089349501588572,4.8013087719159975,7.779259259259259,1.0,1.77574248059601,9.999346186131963e-11,0.0,5.878065875003813,experiments/results/parameter_sensitivity_v1/traces/c09_s520928.npz,f5b67e9c54db088a048d0ab19c44e39eb3449c0cbc3dd6239345d413c3c2fd93
QAPG-R,c09,520929,100,10,1,300000000000.0,1,2000000.0,2,1e-10,3000,300,0.2553574297976269,0.15465937713830877,0.10069805265931808,8169915.397262791,4844401.067693969,3325514.3295688205,0.9852140171518033,1.756868353167428,7.728518518518518,4790802.962962963,2076743.007912806,2714131.1534435293,2714005.753304047,0.09333686580623256,0.0613225113320762,300,12935168000.0,12935360235.662106,689.4650604535925,0.05330080089712336,8520348.147293556,8328112.485188459,-9.285286068916321e-07,765.4891369496148,14361.839887514812,12935.360235662105,5607206121.364576,7328154114.297529,0.43347893056010955,0.5665210694398904,8165158.638589562,8173720.804201373,-51.627013226732025,8131369.348386364,0.2553574297976269,8.169915397262791,4.844401067693969,3.3255143295688208,2.076743007912806,2.714131153443529,4.790802962962963,1.0000148614739373,-5.1627013226732025e-05,0.0,300000000000.0,0.09333686580623256,0.0613225113320762,0.10069805265931808,4.790874161356335,7.728518518518518,0.9996296296296296,1.756868353167428,1.0096382063728981e-10,0.0,5.845292374986457,experiments/results/parameter_sensitivity_v1/traces/c09_s520929.npz,5dd6e53043f074daf00ea93bb3b33b0288e3899dd4f8ed6738663f6b9d08bddc
QAPG-R,c09,520930,100,10,1,300000000000.0,1,2000000.0,2,1e-10,3000,300,0.2598775231362517,0.1590965101230936,0.10078101301315812,8189934.202227784,4862484.366731346,3327449.835496439,0.9850957896793254,1.763182996095296,7.764814814814815,4801801.481481481,2087072.7939330554,2714810.59098584,2714757.6236941395,0.09473633222147197,0.06436017790162162,300,12964864000.0,12965085139.281017,701.6693124678795,0.05411991552157218,8188358.096460404,7967218.815443398,-3.594905138015747e-07,778.2719566076938,14394.008781184555,12965.085139281018,5635096543.619249,7329988595.661768,0.43463629301949536,0.5653637069805046,8171965.688046955,8204309.013572449,3.2520713713064935,8195824.508693015,0.2598775231362517,8.189934202227784,4.862484366731346,3.3274498354964392,2.0870727939330553,2.71481059098584,4.801801481481482,1.0000170568145579,3.2520713713064936e-06,0.0,300000000000.0,0.09473633222147197,0.06436017790162162,0.10078101301315812,4.801883384918896,7.764814814814815,0.9996296296296296,1.763182996095296,7.504838165847683e-09,0.0,5.846762250002939,experiments/results/parameter_sensitivity_v1/traces/c09_s520930.npz,b27c0bfca0d16f8bf31345096bd3f487076da64e430cb122defb99ed1e09db43
QAPG-R,c09,520931,100,10,1,300000000000.0,1,2000000.0,2,1e-10,3000,300,0.25822133883648224,0.1571642587083928,0.10105708012808944,8191657.620466035,4858405.280404773,3333252.3400612604,0.9852830929372217,1.7487267936424662,7.747777777777777,4800480.0,2083847.7849275547,2716847.83109171,2716848.3511158535,0.09435246629935072,0.06281179240904203,300,12961296000.0,12961878163.252014,697.197614858502,0.05378831725444807,8413130.065381471,7830966.813367776,6.798654794692993e-08,773.3544203033266,14388.24103318663,12961.878163252015,5626389019.304398,7335489143.947617,0.4340720494700892,0.5659279505299107,8188359.623429757,8194296.018095057,25.07932336585999,8219854.560587125,0.25822133883648224,8.191657620466035,4.858405280404773,3.3332523400612604,2.0838477849275545,2.7168478310917097,4.80048,1.0000449155124622,2.5079323365859993e-05,0.0,300000000000.0,0.09435246629935072,0.06281179240904203,0.10105708012808944,4.800695616019265,7.747777777777777,1.0,1.7487267936424662,9.999675653488138e-11,0.0,5.804375875013648,experiments/results/parameter_sensitivity_v1/traces/c09_s520931.npz,7cddc66599931c5eacb8e4c1beec8f186f029c2e41cc84f39562f0d967ae539f
QAPG-R,c10,520927,100,10,1.5,300000000000.0,1,2000000.0,2,1e-10,3000,300,0.742815840848337,0.3875352560579773,0.35528058479035973,16227375.656813275,8511660.10867008,7715715.548143195,0.9943042704448607,2.492894715924868,10.272222222222222,7208521.481481481,3069107.451038398,4139640.9392397287,4139560.051229536,0.29064482831841876,0.09689042773955858,300,19463008000.0,19463620653.750942,2005.6027702905099,0.10304366314825392,16980623.623720933,16367969.872778883,9.629875421524048e-07,2226.6967382427747,21609.97603012722,19463.620653750942,8286590117.803675,11177030535.947268,0.4257476173225109,0.5742523826774891,16225869.338034147,16228580.711836578,-10.464894564880472,16194562.128679762,0.742815840848337,16.227375656813276,8.51166010867008,7.715715548143195,3.069107451038398,4.139640939239729,7.2085214814814815,1.0000314778553727,-1.0464894564880473e-05,0.0,300000000000.0,0.29064482831841876,0.09689042773955858,0.35528058479035973,7.208748390278127,10.272222222222222,0.9933333333333333,2.492894715924868,2.4910700388795087e-06,0.0,8.050617000000784,experiments/results/parameter_sensitivity_v1/traces/c10_s520927.npz,4cf557caf52abddc8384521dadb7bd3cddfb6a87957adbafe20e4c392662311f
QAPG-R,c10,520928,100,10,1.5,300000000000.0,1,2000000.0,2,1e-10,3000,300,0.7420974120253735,0.38886999276304246,0.353227419262331,16175199.325071473,8489677.172231864,7685522.152839612,0.9943044557682608,2.5215359795644567,10.306666666666667,7198005.925925926,3066540.2179633114,4131411.4762328323,4131429.3460933347,0.2899938757193266,0.0988761170437158,300,19434616000.0,19434469574.32959,2003.6630124685084,0.10309841515381964,16567077.289286733,16713502.959696125,1.5981495380401611e-06,2223.4848031170654,21579.758497040308,19434.46957432959,8279658588.500941,11154810985.828648,0.4260295634431564,0.5739704365568435,16189233.78278381,16163971.75890161,8.859977602993444,16204292.76231516,0.7420974120253735,16.17519932507147,8.489677172231865,7.685522152839612,3.066540217963311,4.131411476232833,7.198005925925926,0.999992465728656,8.859977602993445e-06,0.0,300000000000.0,0.2899938757193266,0.0988761170437158,0.353227419262331,7.197951694196144,10.306666666666667,0.9940740740740741,2.5215359795644567,9.779001549498068e-10,0.0,8.119893833005335,experiments/results/parameter_sensitivity_v1/traces/c10_s520928.npz,e10f07425e5d5bc579af5983164f4b34731b737faa659ac54106b0fba0129e66
QAPG-R,c10,520929,100,10,1.5,300000000000.0,1,2000000.0,2,1e-10,3000,300,0.7356618407843142,0.38264458004980817,0.35301726073450607,16128246.901561502,8445305.043112895,7682941.858448606,0.9943992406540976,2.493014784467286,10.292592592592593,7191037.037037037,3059841.7174029415,4130848.6430119877,4130920.0667441674,0.2880575109679049,0.09458706908190323,300,19415800000.0,19414863973.120308,1986.2869701176483,0.10230753987602713,15647044.389082288,16583071.268774323,1.6167759895324707e-06,2204.6724445645377,21554.688928731222,19414.863973120307,8261572636.987942,11153291336.132366,0.4255282266425358,0.5744717733574641,16107199.06162543,16145085.173510358,-4.61172204162131,16062887.17270068,0.7356618407843142,16.128246901561504,8.445305043112894,7.682941858448606,3.0598417174029415,4.130848643011988,7.191037037037037,0.9999517904552121,-4.6117220416213106e-06,0.0,300000000000.0,0.2880575109679049,0.09458706908190323,0.35301726073450607,7.190690360414929,10.292592592592593,0.9903703703703703,2.493014784467286,1.1079870719087753e-07,0.0,8.045559791993583,experiments/results/parameter_sensitivity_v1/traces/c10_s520929.npz,8e3f2747f6044b8ba5d98a94400508df7c2129b92571b69d57eefadefe098d29
QAPG-R,c10,520930,100,10,1.5,300000000000.0,1,2000000.0,2,1e-10,3000,300,0.7445505167961587,0.39036093386617,0.3541895829299888,16214579.307377614,8514558.577210886,7700020.730166728,0.9943378687045313,2.5262979036347977,10.278518518518519,7205282.962962963,3069964.7177515603,4135458.422366314,4135433.142811956,0.2909496111984447,0.09941132266772519,300,19454264000.0,19454642478.31826,2010.2863953496285,0.10333196292813117,16298244.073658388,15919765.755399108,-1.3113021850585938e-06,2229.4048078364067,21595.3362342446,19454.64247831826,8288904737.929213,11165737740.389048,0.4260630719462977,0.5739369280537023,16201793.043044,16224808.318844503,-32.30723838204129,16234542.06660604,0.7445505167961587,16.214579307377615,8.514558577210886,7.700020730166727,3.06996471775156,4.135458422366314,7.205282962962963,1.0000194547744525,-3.2307238382041294e-05,0.0,300000000000.0,0.2909496111984447,0.09941132266772519,0.3541895829299888,7.205423140117873,10.278518518518519,0.9929629629629629,2.5262979036347977,1.5403219219209396e-08,0.0,8.136892499984242,experiments/results/parameter_sensitivity_v1/traces/c10_s520930.npz,136ef61316c336403018039c4031052d2ba4052ddfe461797199b72374ecf50f
QAPG-R,c10,520931,100,10,1.5,300000000000.0,1,2000000.0,2,1e-10,3000,300,0.7411533227768509,0.38729272399571907,0.3538605987811317,16184339.416209765,8489379.898992565,7694959.517217201,0.994456657091079,2.496733530866482,10.291851851851852,7200302.222222222,3066366.1994136,4134019.6462756144,4133932.050452441,0.28990151082508325,0.09739121317063584,300,19440816000.0,19441041783.360878,2001.1139714974972,0.1029324453800723,15931657.69271851,15705874.331842057,-1.5422701835632324e-06,2219.040826562473,21578.27012566816,19441.041783360877,8279188738.416719,11161853044.944159,0.42586137258872,0.5741386274112801,16145578.635728871,16215348.040594483,-100.57124982063257,16159924.575690057,0.7411533227768509,16.184339416209763,8.489379898992565,7.694959517217201,3.0663661994136,4.134019646275615,7.200302222222222,1.0000116138829191,-0.00010057124982063257,0.0,300000000000.0,0.28990151082508325,0.09739121317063584,0.3538605987811317,7.200385845689214,10.291851851851852,0.9933333333333333,2.496733530866482,8.4895900205606e-10,0.0,8.06651283300016,experiments/results/parameter_sensitivity_v1/traces/c10_s520931.npz,45b756a912c984e9e449e5332a38f1f7727d148ef91f8e99c46d752a33fc8b4e
QAPG-R,c11,520927,100,10,2.5,300000000000.0,1,2000000.0,2,1e-10,3000,300,3.1502923239941394,1.4563774519035548,1.6939148720905843,44643124.34365163,22776739.509649716,21866384.834001914,0.9972420518317973,3.459298849252432,10.567037037037037,12001167.407407407,5029774.587027727,6970392.807304549,6970798.626118475,1.2736097577988827,0.18276769410467206,300,32403152000.0,32400451964.697144,8505.789274784176,0.262520698293095,43591261.953924716,46291297.256783366,-8.344650268554688e-07,9430.73169095061,35956.26870274322,32400.451964697142,13580391384.974861,18820060579.722282,0.41914203541888156,0.5808579645811184,44575616.55392451,44697130.57543333,-97.33729034746455,44663091.40331659,3.1502923239941394,44.64312434365163,22.776739509649715,21.866384834001913,5.029774587027727,6.970392807304549,12.001167407407406,0.9999166736833855,-9.733729034746454e-05,0.0,300000000000.0,1.2736097577988827,0.18276769410467206,1.6939148720905843,12.000167394332275,10.567037037037037,0.9814814814814815,3.459298849252432,5.174442804303792e-07,0.0,10.96049216701067,experiments/results/parameter_sensitivity_v1/traces/c11_s520927.npz,edc1a955844fd33721737242f68c956adedbb5002c700c6a227a6d236a457cea
QAPG-R,c11,520928,100,10,2.5,300000000000.0,1,2000000.0,2,1e-10,3000,300,3.1586171072062603,1.4630480443154583,1.695569062890802,44694565.23626282,22814288.893185183,21880276.343077637,0.9972859275415901,3.4582222573549695,10.561851851851852,12005223.703703703,5033440.171210145,6972551.708022248,6972256.757847218,1.2764437810721736,0.18660426324328486,300,32414104000.0,32416178073.927456,8528.266189456903,0.2630867269425646,45819340.195511535,43745266.2680536,1.3634562492370605e-06,9451.368590359223,35971.87073373195,32416.178073927455,13590288462.267391,18825889611.66007,0.41924400931145395,0.5807559906885462,44745024.264574066,44654198.01361383,-151.37855931496952,44654066.349576615,3.1586171072062603,44.69456523626282,22.814288893185182,21.880276343077636,5.033440171210144,6.972551708022248,12.005223703703704,1.0000639867733951,-0.00015137855931496953,0.0,300000000000.0,1.2764437810721736,0.18660426324328486,1.695569062890802,12.00599187923239,10.561851851851852,0.9844444444444445,3.4582222573549695,2.7188789067378316e-09,0.0,10.969727166986559,experiments/results/parameter_sensitivity_v1/traces/c11_s520928.npz,f46a7f88825d84a32759ec2bf6212a5d02388ab58293af085e7259793a403cc4
QAPG-R,c11,520929,100,10,2.5,300000000000.0,1,2000000.0,2,1e-10,3000,300,3.1477989460389666,1.452321567188672,1.6954773788502946,44653377.588250786,22773610.117486097,21879767.470764685,0.997269703990116,3.4062644504053794,10.527407407407408,12002216.296296297,5029316.163276603,6972515.530486591,6972652.61270049,1.2732567494990161,0.1790648176896559,300,32405984000.0,32404945573.16062,8499.05715430521,0.2622765446439925,44055477.496362634,45093904.33573963,-4.917383193969727e-07,9418.408810241195,35955.34609566426,32404.94557316062,13579153640.846828,18825791932.313797,0.4190457166542429,0.5809542833457573,44690160.71168594,44623951.08950266,3.1280259193522877,44566336.380802915,3.1477989460389666,44.653377588250784,22.773610117486097,21.879767470764687,5.0293161632766035,6.972515530486591,12.002216296296297,0.999967955707212,3.128025919352288e-06,0.0,300000000000.0,1.2732567494990161,0.1790648176896559,1.6954773788502946,12.001831693763194,10.527407407407408,0.9825925925925926,3.4062644504053794,4.874147348926661e-08,0.0,10.793628624989651,experiments/results/parameter_sensitivity_v1/traces/c11_s520929.npz,4384a92adb49d98516015149556e1b900c3d1ba57b690e3c925b733aa3b9975b
QAPG-R,c11,520930,100,10,2.5,300000000000.0,1,2000000.0,2,1e-10,3000,300,3.1595867357575385,1.4641138689526496,1.6954728668048886,44698187.46283492,22818503.079171605,21879684.38366331,0.9972660113018402,3.452544722606911,10.584814814814814,12006041.481481481,5033819.189783047,6972495.457882292,6972341.745456583,1.2767258375189268,0.18738803143372273,300,32416312000.0,32417049548.69642,8530.884186545354,0.2631604142051973,44743719.231932834,44006170.53551763,-2.8014183044433594e-06,9455.412370356069,35973.53782946448,32417.049548696417,13591311812.414227,18825737736.28219,0.4192643069505001,0.5807356930494998,44741206.57666312,44663772.17177235,-65.17250140630537,44613448.54642658,3.1595867357575385,44.698187462834916,22.818503079171606,21.87968438366331,5.033819189783047,6.9724954578822915,12.006041481481482,1.0000227523938077,-6.517250140630537e-05,0.0,300000000000.0,1.2767258375189268,0.18738803143372273,1.6954728668048886,12.00631464766534,10.584814814814814,0.9762962962962963,3.452544722606911,6.317856702381386e-08,0.0,10.916299666976556,experiments/results/parameter_sensitivity_v1/traces/c11_s520930.npz,c9ce22804e97c8d435e99d88e4384fc21d92c5f47848bcb777f61ba1b768c244
QAPG-R,c11,520931,100,10,2.5,300000000000.0,1,2000000.0,2,1e-10,3000,300,3.1528404846121245,1.458437202665725,1.6944032819463994,44658720.874890506,22788382.30364164,21870338.571248863,0.9972616745419787,3.4413137435977763,10.584444444444445,12001605.925925925,5030985.281644159,6970982.75512684,6970885.982914017,1.274569439487382,0.18386776317834314,300,32404336000.0,32405313699.281696,8512.669308452736,0.26269362449163486,44579438.555678055,43601739.27398381,-8.046627044677734e-07,9438.716178549344,35963.90226072601,32405.313699281698,13583660260.439228,18821653438.84247,0.4191800266615017,0.5808199733384983,44569929.23314622,44729754.18828593,80.36912784253396,44825790.5810668,3.1528404846121245,44.658720874890506,22.78838230364164,21.870338571248862,5.030985281644159,6.97098275512684,12.001605925925926,1.000030171865941,8.036912784253395e-05,0.0,300000000000.0,1.274569439487382,0.18386776317834314,1.6944032819463994,12.001968036770998,10.584444444444445,0.9862962962962963,3.4413137435977763,8.548479295128475e-07,0.0,10.900802832999034,experiments/results/parameter_sensitivity_v1/traces/c11_s520931.npz,bf8be8232bb8bb122e3241d5a107d43b6d34635d58364afc1d1d91c79d27cf84
QAPG-R,c12,520927,100,10,3,300000000000.0,1,2000000.0,2,1e-10,3000,300,5.349904313702399,2.4071506825571003,2.942753631145299,64166672.363940835,32565335.97043955,31601336.393501293,0.9978544149257657,3.704690395367194,10.617777777777778,14395478.518518519,6015192.307666112,8379760.882376062,8379972.922703869,2.177570331936075,0.22958035062102566,300,38867792000.0,38866373613.11386,14444.741646996477,0.37165138664037056,63211069.7575807,64629456.6437112,1.1332333087921143e-05,16010.856333444865,43125.16254335629,38866.37361311386,16241019230.698502,22625354382.415367,0.41786813949677665,0.5821318605032235,64098915.37873586,64220877.95210483,-166.1887737451058,64089621.1613869,5.349904313702399,64.16667236394083,32.56533597043955,31.601336393501292,6.015192307666112,8.379760882376061,14.39547851851852,0.9999635073974323,-0.0001661887737451058,0.0,300000000000.0,2.177570331936075,0.22958035062102566,2.942753631145299,14.39495319004217,10.617777777777778,0.9762962962962963,3.704690395367194,2.7115323682908032e-06,0.0,11.687399334012298,experiments/results/parameter_sensitivity_v1/traces/c12_s520927.npz,c9111043e10853d846321c9be26430cc0feb41a4ffe36b1045e3f12d7b99b8a6
QAPG-R,c12,520928,100,10,3,300000000000.0,1,2000000.0,2,1e-10,3000,300,5.3649828567805375,2.4176971873210396,2.9472856694594984,64260211.17989284,32626751.131346643,31633460.048546188,0.9978436506825464,3.726641980314593,10.642962962962963,14403555.555555556,6020092.92828471,8383977.117235451,8383673.095804455,2.182946205916429,0.23475098140461073,300,38889600000.0,38890989122.904434,14485.453713307452,0.3724629802428038,65415036.47072294,64025913.56628983,1.9818544387817383e-06,16046.169510453314,43147.390086433705,38890.98912290444,16254250906.368717,22636738216.535717,0.4179438803935164,0.5820561196064836,64340567.66866648,64195925.9888739,-275.4415986499042,63990152.60944078,5.3649828567805375,64.26021117989283,32.626751131346644,31.633460048546187,6.02009292828471,8.383977117235451,14.403555555555556,1.0000357196500975,-0.00027544159864990425,0.0,300000000000.0,2.182946205916429,0.23475098140461073,2.9472856694594984,14.404070045520163,10.642962962962963,0.9733333333333334,3.726641980314593,1.7422981096748558e-07,0.0,11.731723416975,experiments/results/parameter_sensitivity_v1/traces/c12_s520928.npz,42c970371acb57d33aaa13f11592580c3c863433829d38727ed2c816e0b31968
QAPG-R,c12,520929,100,10,3,300000000000.0,1,2000000.0,2,1e-10,3000,300,5.3518638926896935,2.4044081342920003,2.9474557583976937,64221008.112842396,32586081.693797123,31634926.419045273,0.9978120758697364,3.698629486521154,10.646666666666667,14400752.592592593,6016621.358449218,8384204.749443029,8384199.193507389,2.179121361440681,0.22528677285131923,300,38882032000.0,38882230491.30907,14450.032510262172,0.37163589453778983,64392995.831272885,64194504.52220775,1.4156103134155273e-06,16003.241465999992,43131.13349547779,38882.23049130907,16244877667.81289,22637352823.496178,0.4177969592419328,0.5822030407580673,64280032.152463324,64173788.88114565,3.6495143685439837,64084025.88981949,5.3518638926896935,64.2210081128424,32.58608169379712,31.63492641904527,6.016621358449218,8.384204749443029,14.400752592592593,1.0000051049623402,3.6495143685439836e-06,0.0,300000000000.0,2.179121361440681,0.22528677285131923,2.9474557583976937,14.400826107892248,10.646666666666667,0.9785185185185186,3.698629486521154,1.5138714878903947e-08,0.0,11.668428958015284,experiments/results/parameter_sensitivity_v1/traces/c12_s520929.npz,f11c2addac0d64badf81fb4d71c33e8a732782b0fbd3f9e11a0b9d1dac35da2f
QAPG-R,c12,520930,100,10,3,300000000000.0,1,2000000.0,2,1e-10,3000,300,5.368708218507211,2.4201187638568187,2.948589454650394,64285907.310155064,32642938.837825373,31642968.472329684,0.9977909670514314,3.744395150236044,10.651851851851852,14406192.592592593,6021341.556166912,8385261.150250109,8385106.765001305,2.184308301875948,0.23581046198087072,300,38896720000.0,38897827307.32596,14495.512189969471,0.3726560888720746,65280636.44324927,64173329.11729403,2.8312206268310547e-07,16054.594340577332,43151.9466708827,38897.827307325955,16257622201.650663,22640205105.675293,0.4179570769647776,0.5820429230352223,64306983.93717364,64269046.00854019,-73.71891086654693,64273027.35089091,5.368708218507211,64.28590731015507,32.642938837825376,31.642968472329684,6.021341556166912,8.385261150250109,14.406192592592593,1.0000284678843347,-7.371891086654693e-05,0.0,300000000000.0,2.184308301875948,0.23581046198087072,2.948589454650394,14.40660270641702,10.651851851851852,0.9792592592592593,3.744395150236044,2.4501386179653917e-07,0.0,11.792957416007994,experiments/results/parameter_sensitivity_v1/traces/c12_s520930.npz,35a62a9f6c5a620d871630503eb59aa086f708c4b1feb17da2c54576b5ff4085
QAPG-R,c12,520931,100,10,3,300000000000.0,1,2000000.0,2,1e-10,3000,300,5.361525297052858,2.413613921071134,2.947911375981724,64256184.893040456,32618152.078183357,31638032.814857088,0.9978503650547704,3.7454707088289543,10.67074074074074,14403736.296296297,6019285.254357485,8384595.834731712,8384607.249382841,2.1820624094976613,0.23155151157347317,300,38890088000.0,38890478940.54083,14476.118302042716,0.37222782275772615,63345762.416562244,62954821.875731096,1.3262033462524414e-06,16038.868040199537,43147.87717812427,38890.47894054083,16252070186.76521,22638408753.775623,0.4178932898104134,0.5821067101895866,64168250.47928106,64326532.424047954,172.57400210369732,64522052.87108996,5.361525297052858,64.25618489304046,32.61815207818336,31.638032814857088,6.019285254357485,8.384595834731712,14.403736296296296,1.0000100524468043,0.00017257400210369733,0.0,300000000000.0,2.1820624094976613,0.23155151157347317,2.947911375981724,14.403881089089197,10.67074074074074,0.9811111111111112,3.7454707088289543,1.9875573432359683e-06,0.0,11.810707875003573,experiments/results/parameter_sensitivity_v1/traces/c12_s520931.npz,71008bb3453287f55138d2e86cbc28eb0b2235e4e410822f3a0302ebff87023b
QAPG-R,c13,520927,100,5,2,300000000000.0,1,2000000.0,2,1e-10,3000,300,3.1791433510835674,1.9685013149082844,1.2106420361752832,56731937.065384395,28984138.03808529,27747799.027299102,0.9947902458581329,1.305838581444092,8.731851851851852,9600266.666666666,5673736.913144754,3926094.6261500902,3926219.988071182,1.828677995842913,0.13982331906537165,300,25920720000.0,25919545156.096077,8583.687047925632,0.33116657704569386,56022833.80995169,57197677.71387199,2.823770046234131e-06,9500.623823969072,28742.38632228613,25919.545156096076,15319089665.490837,10600455490.605244,0.5910246330803341,0.40897536691966596,56602151.46814603,56835765.54317508,-105.56808679812379,56812235.227255896,3.1791433510835674,56.73193706538439,28.984138038085288,27.747799027299102,5.673736913144754,3.9260946261500904,9.600266666666666,0.9999546754911158,-0.00010556808679812379,0.0,300000000000.0,1.828677995842913,0.13982331906537165,1.2106420361752832,9.599831539294843,8.731851851851852,1.0,1.305838581444092,9.999138322891454e-11,1.7763568394002505e-15,4.461133167002117,experiments/results/parameter_sensitivity_v1/traces/c13_s520927.npz,108c9f371a3f74f92f1f3c5153d61057b926aa4000b079a8b38aa4f677f27332
QAPG-R,c13,520928,100,5,2,300000000000.0,1,2000000.0,2,1e-10,3000,300,3.182156160469001,1.9715310858871142,1.210625074581887,56747147.19385596,28999931.836504586,27747215.357351385,0.9947848854653618,1.3185130763600614,8.757037037037037,9601202.962962963,5675174.912292943,3926030.389499353,3925965.7363463934,1.8300997067785902,0.1414313791085238,300,25923248000.0,25923254314.839203,8591.821633266303,0.3314329878848622,57121098.6011407,57114783.76194127,-5.081295967102051e-06,9507.578905390747,28746.54121623806,25923.254314839203,15322972263.190947,10600282051.648252,0.5910898406925571,0.4089101593074428,56772052.25752935,56727223.14291725,-163.49560232928033,56704759.6264181,3.182156160469001,56.747147193855966,28.999931836504587,27.747215357351386,5.675174912292944,3.9260303894993527,9.601202962962963,1.0000002435975308,-0.00016349560232928033,0.0,300000000000.0,1.8300997067785902,0.1414313791085238,1.210625074581887,9.601205301792298,8.757037037037037,1.0,1.3185130763600614,9.998867012139812e-11,1.7763568394002505e-15,4.494929167005466,experiments/results/parameter_sensitivity_v1/traces/c13_s520928.npz,90f48ad450e10eb1d63045709b0bbecd41701754e76be4beab9d9c79ee53a05d
QAPG-R,c13,520929,100,5,2,300000000000.0,1,2000000.0,2,1e-10,3000,300,3.1789862068516164,1.9666244875320986,1.212361719319518,56765919.81115943,28991919.426300585,27774000.38485885,0.9948250141131906,1.3073534277673051,8.734814814814815,9601934.814814815,5674333.675291111,3927942.9905395876,3927816.4427153375,1.8292582690153834,0.13736621851671535,300,25925224000.0,25926146997.74288,8583.262758499364,0.33106588338200116,57690208.13643058,56767210.39354579,1.2665987014770508e-06,9496.708870721104,28746.04878960645,25926.146997742882,15320700923.286,10605446074.456886,0.5909362823800934,0.40906371761990673,56792116.57195154,56744962.402525745,74.6389598825228,56780153.10480922,3.1789862068516164,56.765919811159435,28.991919426300583,27.77400038485885,5.674333675291111,3.9279429905395875,9.601934814814815,1.0000356023054182,7.46389598825228e-05,0.0,300000000000.0,1.8292582690153834,0.13736621851671535,1.212361719319518,9.602276665830697,8.734814814814815,1.0,1.3073534277673051,9.998751826501007e-11,1.7763568394002505e-15,4.465227750013582,experiments/results/parameter_sensitivity_v1/traces/c13_s520929.npz,39df34951f359adec4b4c095cbf193b6d8e0f7568f9154aacf13b3f6cc22b404
QAPG-R,c13,520930,100,5,2,300000000000.0,1,2000000.0,2,1e-10,3000,300,3.184336395246679,1.9722019514144356,1.2121344438322437,56786619.815585755,29016137.062662274,27770482.752923492,0.9948114351675024,1.3262540982018605,8.76,9604257.777777778,5676465.265307662,3927690.999609234,3927790.2861977033,1.8313409844036954,0.14086096701074002,300,25931496000.0,25931221915.27562,8597.708267166034,0.3315581616345382,56767649.15373547,57041733.878115535,1.0728836059570312e-06,9514.614043788573,28753.782266121885,25931.22191527562,15326456216.330688,10604765698.944931,0.5910425766439548,0.4089574233560453,56800748.0422759,56775317.23423366,3.3749713220844186,56736598.48003985,3.184336395246679,56.78661981558575,29.016137062662274,27.770482752923492,5.676465265307662,3.9276909996092337,9.604257777777779,0.9999894304314575,3.3749713220844185e-06,0.0,300000000000.0,1.8313409844036954,0.14086096701074002,1.2121344438322437,9.604156264916895,8.76,0.9992592592592593,1.3262540982018605,1.044319838938712e-10,0.0,4.5300381249981,experiments/results/parameter_sensitivity_v1/traces/c13_s520930.npz,129f64408454e87e6fb007bba367a51841cbb8a060927b636e87f735b8807cea
QAPG-R,c13,520931,100,5,2,300000000000.0,1,2000000.0,2,1e-10,3000,300,3.1844657556246285,1.9733666625841588,1.2110990930404697,56767949.963224225,29013375.384916734,27754574.578307483,0.9948535210130225,1.3244773778758288,8.743703703703703,9602808.888888888,5676327.708116775,3926559.1163599156,3926517.3514881725,1.831226067658296,0.14214059492586328,300,25927584000.0,25927794426.087063,8598.057540186497,0.33161546249902474,56690687.22292337,56480261.135857694,2.7492642402648926e-06,9516.704558246365,28752.127738864143,25927.794426087064,15326084811.915293,10601709614.171772,0.5911063841394494,0.40889361586055073,56663486.33159526,56851520.868527405,64.12726867633593,56944489.580869675,3.1844657556246285,56.767949963224225,29.013375384916735,27.754574578307484,5.676327708116776,3.9265591163599156,9.602808888888887,1.000008115915739,6.412726867633593e-05,0.0,300000000000.0,1.831226067658296,0.14214059492586328,1.2110990930404697,9.602886824476691,8.743703703703703,1.0,1.3244773778758288,9.999955724593335e-11,1.7763568394002505e-15,4.516460833023302,experiments/results/parameter_sensitivity_v1/traces/c13_s520931.npz,2f266776f1a160dd9d37d9c22c7d63be0846cc234060ea79d2dc175a7ee79722
QAPG-R,c14,520927,100,15,2,300000000000.0,1,2000000.0,2,1e-10,3000,300,1.05790090588604,0.46470451120226547,0.5931963946837744,17969615.732349835,9683670.784786202,8285944.947563635,0.9943514121107614,4.00811115651676,8.794444444444444,9600266.666666666,3165675.311757254,6434395.153554002,6434434.567427127,0.3186881348674936,0.14601637633477194,300,25920720000.0,25920190256.34039,2856.332445892308,0.11019720216728018,17703178.1994007,18232921.859010343,2.261251211166382e-06,3171.9461777546976,28781.35107814099,25920.19025634039,8547323341.744585,17372866914.595806,0.3297554245248569,0.6702445754751432,17937986.310098745,17994919.270150706,-34.52463232875327,17992972.1700873,1.05790090588604,17.969615732349837,9.683670784786202,8.285944947563635,3.165675311757254,6.434395153554002,9.600266666666666,0.9999795629265078,-3.452463232875327e-05,0.0,300000000000.0,0.3186881348674936,0.14601637633477194,0.5931963946837744,9.600070465311255,8.794444444444444,0.9988888888888889,4.00811115651676,1.0387733168429336e-08,0.0,12.630347083992092,experiments/results/parameter_sensitivity_v1/traces/c14_s520927.npz,b6bb17c035b4a45e68981398c83570046aa879947592f726a1b9cd211911240e
QAPG-R,c14,520928,100,15,2,300000000000.0,1,2000000.0,2,1e-10,3000,300,1.0614810905440621,0.4685604226969956,0.5929206678470665,17971580.6751891,9688818.567288294,8282762.107900808,0.9943423252848607,4.044408023128873,8.852962962962962,9601202.962962963,3168237.1287845857,6432916.593904654,6432857.494164773,0.31949648306484774,0.1490639396321478,300,25923248000.0,25923115051.26094,2865.9989444689677,0.1105576601732345,17992415.971931525,18125364.710988577,2.3283064365386963e-06,3180.377049235153,28785.530635289007,25923.115051260942,8554240247.718382,17368874803.542564,0.329985043495083,0.6700149565049173,17977506.757007077,17966839.80973472,-46.63263283468768,17969065.98298386,1.0614810905440621,17.9715806751891,9.688818567288294,8.282762107900808,3.1682371287845856,6.432916593904654,9.601202962962963,0.9999948714474722,-4.6632632834687685e-05,0.0,300000000000.0,0.31949648306484774,0.1490639396321478,0.5929206678470665,9.601153722689238,8.852962962962962,0.997037037037037,4.044408023128873,1.3203425544405095e-06,0.0,12.71360916600679,experiments/results/parameter_sensitivity_v1/traces/c14_s520928.npz,70e94316e80a0cbc07c437c1bf95149a37fddc500f324caf0ae39b4eae99d4f0
QAPG-R,c14,520929,100,15,2,300000000000.0,1,2000000.0,2,1e-10,3000,300,1.0555946941385688,0.4614089568540033,0.5941857372845657,17978680.189557914,9683761.329643985,8294918.8599139275,0.9943549436852253,3.982327987873254,8.773703703703704,9601934.814814815,3164389.46054942,6437786.110585686,6437633.651312869,0.3183139090204276,0.14309504783357566,300,25925224000.0,25925874042.06479,2850.105674174136,0.10993286743389377,18587990.655884825,17937948.59109696,-1.989305019378662e-06,3164.2640368271827,28784.878051408905,25925.87404206479,8543851543.483435,17382022498.581352,0.32954921903967505,0.6704507809603248,17982669.60335833,17975488.658517577,19.092880475605245,17986560.00729788,1.0555946941385688,17.978680189557913,9.683761329643986,8.294918859913928,3.1643894605494203,6.4377861105856855,9.601934814814815,1.0000250737299237,1.9092880475605246e-05,0.0,300000000000.0,0.3183139090204276,0.14309504783357566,0.5941857372845657,9.602175571135106,8.773703703703704,0.9981481481481481,3.982327987873254,1.2872581150171099e-05,0.0,12.536927124980139,experiments/results/parameter_sensitivity_v1/traces/c14_s520929.npz,855454f0daf22f8f239e214f9a3f9c5df4d8f7905c2d8cbb19af52734a335a21
QAPG-R,c14,520930,100,15,2,300000000000.0,1,2000000.0,2,1e-10,3000,300,1.062262647347619,0.4687865110744763,0.5934761362731428,17980487.953115083,9692014.535202544,8288473.417912544,0.9943513444971614,4.04342999646259,8.855185185185185,9604257.777777778,3168966.0458061057,6435346.322640738,6435299.673583377,0.3197153805005831,0.1490711305738932,300,25931496000.0,25931643394.80648,2868.1091478385715,0.1106026758185711,17833428.618162505,17686033.811682798,8.568167686462402e-07,3183.337921803546,28793.137966188315,25931.64339480648,8556208323.676485,17375435071.129993,0.329952413482213,0.670047586517787,17987328.755193766,17975015.311452143,14.470737502158663,17978508.71595748,1.062262647347619,17.980487953115084,9.692014535202544,8.288473417912543,3.1689660458061057,6.435346322640738,9.604257777777779,1.0000056840070655,1.4470737502158663e-05,0.0,300000000000.0,0.3197153805005831,0.1490711305738932,0.5934761362731428,9.604312368446845,8.855185185185185,0.9974074074074074,4.04342999646259,5.0892346569603175e-08,0.0,12.723812542011729,experiments/results/parameter_sensitivity_v1/traces/c14_s520930.npz,93bce1a00327351f9f497893a4389a112a632599870f1f25f7d5406bf5857f03
QAPG-R,c14,520931,100,15,2,300000000000.0,1,2000000.0,2,1e-10,3000,300,1.059908034957964,0.4663210893590467,0.5935869455989174,17979110.15202944,9689913.577612417,8289196.574417022,0.994298213086031,4.061491200549494,8.87962962962963,9602808.888888888,3167349.3505373667,6435504.057954797,6435459.631831394,0.31924228937238247,0.14707879998666418,300,25927584000.0,25927704202.92884,2861.7516943865025,0.11037428042175959,17971966.515357703,17851763.586517345,-1.1175870895385742e-08,3177.220016855974,28790.756236413483,25927.704202928842,8551843246.45089,17375860956.47795,0.32983418738188386,0.6701658126181161,17955812.041181345,17997748.640707918,13.535479143247205,18015672.706455823,1.059908034957964,17.97911015202944,9.689913577612417,8.289196574417023,3.167349350537367,6.435504057954796,9.602808888888887,1.0000046361021853,1.3535479143247205e-05,0.0,300000000000.0,0.31924228937238247,0.14707879998666418,0.5935869455989174,9.602853408492164,8.87962962962963,0.997037037037037,4.061491200549494,7.112913282727312e-07,0.0,12.759245666995412,experiments/results/parameter_sensitivity_v1/traces/c14_s520931.npz,59f0a54cef7c53ddc7bd7f16d68ed5d6aaff274c4ec813852279ac658be4afbc
QAPG-R,c15,520927,100,20,2,300000000000.0,1,2000000.0,2,1e-10,3000,300,0.772014543979359,0.3859858991847846,0.3860286447945743,16334536.782056984,9601639.261249466,6732897.520807518,0.9958275302472046,5.178458853915799,7.7225925925925925,9600266.666666666,2873715.196716426,6726236.271858308,6726402.672330285,0.23890289138325346,0.1470830078015311,300,25920720000.0,25919868965.15178,2084.439268744269,0.0804185882091732,15987305.125061158,16838339.97328093,9.313225746154785e-07,2315.6074122442747,28782.745660026718,25919.868965151778,7759031031.13435,18160837934.017433,0.29934684629640895,0.7006531537035912,16314752.069935339,16350364.551754303,-17.705432678078616,16352932.283709954,0.772014543979359,16.334536782056983,9.601639261249465,6.7328975208075175,2.873715196716426,6.726236271858308,9.600266666666666,0.9999671677774298,-1.7705432678078615e-05,0.0,300000000000.0,0.23890289138325346,0.1470830078015311,0.3860286447945743,9.599951468574732,7.7225925925925925,0.9996296296296296,5.178458853915799,5.792060832690571e-10,0.0,16.157566208014032,experiments/results/parameter_sensitivity_v1/traces/c15_s520927.npz,178c232113cf66da3fb9a16958d79536671cdc35a28cf478fcbf41e1faa020a4
QAPG-R,c15,520928,100,20,2,300000000000.0,1,2000000.0,2,1e-10,3000,300,0.7754585371815537,0.38936668200195534,0.3860918551795983,16334373.703551974,9602755.60041969,6731618.103132283,0.9955599331769217,5.2009901031097225,7.744074074074074,9601202.962962963,2876407.7404770073,6724796.244850175,6724691.5187822515,0.23960217683559054,0.14976450516636483,300,25923248000.0,25923250760.383396,2093.738050390195,0.08076680157682621,16558331.817340106,16555571.433944628,7.450580596923828e-08,2322.9812663532853,28787.100428566057,25923.250760383395,7766300899.28792,18156949861.095474,0.29958823339997886,0.7004117666000211,16337259.12947204,16332065.362815918,-30.0554558036189,16330731.220782848,0.7754585371815537,16.334373703551975,9.602755600419691,6.731618103132283,2.876407740477007,6.724796244850175,9.601202962962963,1.0000001064829298,-3.00554558036189e-05,0.0,300000000000.0,0.23960217683559054,0.14976450516636483,0.3860918551795983,9.601203985327183,7.744074074074074,1.0,5.2009901031097225,9.999753455836036e-11,0.0,16.181464958004653,experiments/results/parameter_sensitivity_v1/traces/c15_s520928.npz,f570521cdc12198ba1f9574b192370b68f1d0d43dbaf0479647c73c1803ae556
QAPG-R,c15,520929,100,20,2,300000000000.0,1,2000000.0,2,1e-10,3000,300,0.7697741888061534,0.383042505867958,0.3867316829381955,16340137.001907837,9603441.809296709,6736695.192611129,0.9957872580476581,5.146637661317881,7.7155555555555555,9601934.814814815,2871941.660090943,6730037.564500775,6730041.216802991,0.2384683001243876,0.14457420574357044,300,25925224000.0,25925343906.39764,2078.3903097766142,0.08016828310091294,16411168.632572647,16291262.23493274,-7.934868335723877e-07,2307.9149765403527,28786.524737765067,25925.34390639764,7754242482.245546,18171101424.152092,0.2990989245983356,0.7009010754016644,16342521.900416031,16338229.083101282,12.469523241689851,16345788.286326459,0.7697741888061534,16.340137001907838,9.603441809296708,6.736695192611129,2.871941660090943,6.730037564500775,9.601934814814815,1.0000046250862726,1.2469523241689851e-05,0.0,300000000000.0,0.2384683001243876,0.14457420574357044,0.3867316829381955,9.60197922459172,7.7155555555555555,1.0,5.146637661317881,9.999957979733853e-11,0.0,16.028005916974507,experiments/results/parameter_sensitivity_v1/traces/c15_s520929.npz,5b317c935dee774c107cc15639badc0b3725babefd1cb13213b2276b729bdcc0
QAPG-R,c15,520930,100,20,2,300000000000.0,1,2000000.0,2,1e-10,3000,300,0.7769097335384905,0.3907036782246272,0.3862060553138631,16339246.208230296,9605900.05911914,6733346.149111153,0.9957323643413568,5.211756497791847,7.75,9604257.777777778,2877281.9869699324,6727047.669025514,6726972.958785443,0.2398249893405435,0.1508786888840838,300,25931496000.0,25931690071.1877,2097.6562805539243,0.08089161465355464,16238666.066537932,16044594.878836187,5.213543772697449e-06,2328.4172949662834,28794.779405121164,25931.6900711877,7768661364.818817,18163028706.36889,0.2995817605212881,0.7004182394787122,16343793.751908753,16335608.17328753,11.377773298487757,16336438.86995626,0.7769097335384905,16.339246208230296,9.60590005911914,6.733346149111153,2.8772819869699324,6.727047669025514,9.604257777777779,1.00000748399505,1.1377773298487757e-05,0.0,300000000000.0,0.2398249893405435,0.1508786888840838,0.3862060553138631,9.604329655995445,7.75,0.9996296296296296,5.211756497791847,1.2179923042365814e-10,0.0,16.19390279200161,experiments/results/parameter_sensitivity_v1/traces/c15_s520930.npz,fe72cee60ce6fd7a0b3f0c644ab263fafee5edcf12128ca4942b80ca60bb392a
QAPG-R,c15,520931,100,20,2,300000000000.0,1,2000000.0,2,1e-10,3000,300,0.7744472136466164,0.3880866562543033,0.38636055739231334,16338121.787251722,9604404.024587628,6733717.762664092,0.995632746678672,5.174627052253561,7.755185185185185,9602808.888888888,2875523.426348302,6727158.027057673,6727283.837625911,0.23938803248165397,0.14869862377264928,300,25927584000.0,25927239924.196133,2091.0074768458644,0.08064905801617815,16169294.448187828,16513370.252054118,2.0042061805725098e-06,2321.759963549377,28792.09462974795,25927.239924196132,7763913251.140415,18163326673.055717,0.29945004843708345,0.7005499515629166,16324818.750964021,16348764.216281882,5.326300332195598,16357700.180307878,0.7744472136466164,16.338121787251723,9.604404024587627,6.733717762664091,2.8755234263483023,6.727158027057673,9.602808888888887,0.9999867293534227,5.326300332195598e-06,0.0,300000000000.0,0.23938803248165397,0.14869862377264928,0.38636055739231334,9.602681453405975,7.755185185185185,0.9981481481481481,5.174627052253561,6.54975562102561e-08,0.0,16.10646816602093,experiments/results/parameter_sensitivity_v1/traces/c15_s520931.npz,f34dcf31adef0893a7be0db9e74c74d50c7357ca1c488ed46a72ece230a92e16
QAPG-R,c16,520927,100,10,2,300000000000.0,1,1000000.0,1,5e-11,3000,300,1.6739406555779741,0.8227000407715057,0.8512406148064683,28659802.478936512,14840449.514447547,13819352.964488963,0.9958958995078491,3.0827945658367955,10.370740740740741,9600266.666666666,4059080.3875380084,5540907.748306599,5540968.022669106,0.6703689317592534,0.15233110901225236,300,25920720000.0,25919967966.78044,4519.63977006053,0.17436903378325902,28229013.235287085,28981046.45484461,8.195638656616211e-07,5014.081320117102,28770.602953545156,25919.96796678044,10959517046.352623,14960450920.427818,0.4228213962454955,0.5771786037545045,28588675.694885414,28716703.90617739,-67.38215059542944,28706451.761644084,1.6739406555779741,28.659802478936513,14.840449514447547,13.819352964488962,4.059080387538009,5.5409077483066,9.600266666666666,0.9999709871786139,-6.738215059542944e-05,0.0,300000000000.0,0.6703689317592534,0.15233110901225236,0.8512406148064683,9.599988135844608,10.370740740740741,0.9885185185185185,3.0827945658367955,3.4197343976721806e-07,0.0,9.820147749996977,experiments/results/parameter_sensitivity_v1/traces/c16_s520927.npz,e1cbbf0a5c1c632a46f2d7d8abb985c2bb5dde80d35976a3372707633721c491
QAPG-R,c16,520928,100,10,2,300000000000.0,1,1000000.0,1,5e-11,3000,300,1.6779219456224026,0.8271252496035728,0.8507966960188296,28672621.777373478,14858500.905968029,13814120.871405445,0.9959008868660799,3.0547888762602167,10.364074074074074,9601202.962962963,4061371.691199023,5539772.663359193,5539725.826017373,0.6715525984269574,0.1555726511766154,300,25923248000.0,25923089757.307182,4530.389253180487,0.1747627036589442,28725291.390375778,28883534.083191663,3.069639205932617e-06,5023.948131418369,28774.77246591681,25923.08975730718,10965703566.237362,14957386191.06982,0.4230091269558775,0.5769908730441224,28682697.445798226,28664561.242633678,-83.79005999181655,28677438.67849306,1.6779219456224026,28.67262177737348,14.858500905968029,13.814120871405445,4.061371691199023,5.5397726633591935,9.601202962962963,0.9999938957227575,-8.379005999181655e-05,0.0,300000000000.0,0.6715525984269574,0.1555726511766154,0.8507966960188296,9.601144354558215,10.364074074074074,0.99,3.0547888762602167,3.149718839912108e-09,0.0,9.821584624995012,experiments/results/parameter_sensitivity_v1/traces/c16_s520928.npz,4764cb9eae282dac26a4cf3144404cb54f51460aa448d3c54381c822daf8c495
QAPG-R,c16,520929,100,10,2,300000000000.0,1,1000000.0,1,5e-11,3000,300,1.6720790008940987,0.8194578361576262,0.852621164736472,28671578.830886558,14837318.075818617,13834260.755067945,0.9958967813130621,2.9703414953460365,10.31925925925926,9601934.814814815,4058430.9654723275,5543890.065087461,5543716.0282237325,0.6700396970047665,0.1494181391528598,300,25925224000.0,25926266782.51143,4514.613302414066,0.17413279514115776,29548142.628415015,28505360.116985023,2.980232238769531e-07,5006.639060626023,28774.310639883013,25926.26678251143,10957763606.775284,14968503175.736145,0.42265103953056776,0.5773489604694322,28684827.11328698,28660980.20496623,37.499669190801136,28687118.093294512,1.6720790008940987,28.671578830886556,14.837318075818617,13.834260755067945,4.058430965472327,5.543890065087461,9.601934814814815,1.000040222700156,3.7499669190801135e-05,0.0,300000000000.0,0.6700396970047665,0.1494181391528598,0.852621164736472,9.60232103055979,10.31925925925926,0.9881481481481481,2.9703414953460365,5.427909937488762e-09,0.0,9.434649125003489,experiments/results/parameter_sensitivity_v1/traces/c16_s520929.npz,7fa461575723527a89c5a9c72a1f10063f55c6194221dae11d080b714da1f8d6
QAPG-R,c16,520930,100,10,2,300000000000.0,1,1000000.0,1,5e-11,3000,300,1.6803601774595394,0.8289957226295914,0.8513644548299477,28694389.17228856,14873663.147183673,13820726.025104882,0.9958222606035606,3.009644418273604,10.34074074074074,9604257.777777778,4063024.0916994605,5541189.992936596,5541208.418179646,0.672375429607001,0.15662029302259048,300,25931496000.0,25931378028.517353,4536.972479140756,0.17496071647836606,28498818.66884201,28616790.151487917,1.341104507446289e-06,5030.6850813823685,28782.20720984851,25931.378028517353,10970165047.588543,14961212980.92881,0.4230459729338098,0.5769540270661901,28702487.61340227,28687910.41939758,-0.29171825105813465,28672376.79842187,1.6803601774595394,28.69438917228856,14.873663147183674,13.820726025104882,4.063024091699461,5.541189992936596,9.604257777777779,0.9999954506487923,-2.9171825105813465e-07,0.0,300000000000.0,0.672375429607001,0.15662029302259048,0.8513644548299477,9.604214084636057,10.34074074074074,0.9911111111111112,3.009644418273604,5.846379541943336e-08,0.0,9.545801333006239,experiments/results/parameter_sensitivity_v1/traces/c16_s520930.npz,5d4f75b587646eb198013ee8329c111d4a2943169483e29340e4bb1a35e67e46
QAPG-R,c16,520931,100,10,2,300000000000.0,1,1000000.0,1,5e-11,3000,300,1.6765979461689622,0.8248219523547801,0.8517759938141818,28681854.55730081,14856916.517411493,13824938.039889317,0.9958794361047834,2.998079206208112,10.355555555555556,9602808.888888888,4060949.600438474,5541984.630062284,5541925.8343310105,0.6713295282459265,0.1534924241088537,300,25927584000.0,25927922422.352047,4526.814454656198,0.17459225544248402,28654081.11477513,28315658.762727402,2.2426247596740723e-06,5020.990782753779,28780.292341237273,25927.922422352047,10964563921.18388,14963358501.168167,0.4228863285911217,0.5771136714088783,28625478.386711616,28726955.493772175,41.44103171571421,28775682.361877777,1.6765979461689622,28.68185455730081,14.856916517411493,13.824938039889316,4.060949600438474,5.541984630062284,9.602808888888887,1.0000130525988093,4.144103171571421e-05,0.0,300000000000.0,0.6713295282459265,0.1534924241088537,0.8517759938141818,9.602934230500757,10.355555555555556,0.9896296296296296,2.998079206208112,1.1937015466367829e-08,0.0,9.5159179160255,experiments/results/parameter_sensitivity_v1/traces/c16_s520931.npz,c9bde26695da587909343e326aa77eea35b783c14916b32ec92e92a0b7d8e70e
QAPG-R,c17,520927,100,10,2,300000000000.0,1,1500000.0,1.5,7.5e-11,3000,300,1.6637204006486779,0.808161088546875,0.8555593121018026,28635673.730619326,14769298.711594922,13866375.019024413,0.9961914343853483,2.960694403133217,10.433333333333334,9600266.666666666,4049596.2972289603,5550391.146334125,5550449.392255208,0.6654238112555133,0.14273727729136165,300,25920720000.0,25919966097.62033,4492.04508175143,0.1733044350765504,28204694.456857882,28958596.83652985,-1.0728836059570312e-06,4983.419413923148,28770.62540316347,25919.96609762033,10933910002.518192,14986056095.102137,0.42183349937027953,0.5781665006297204,28564494.08033046,28692617.450850435,-66.84306168957937,28683090.669499855,1.6637204006486779,28.635673730619327,14.769298711594923,13.866375019024414,4.049596297228961,5.550391146334125,9.600266666666666,0.9999709150679584,-6.684306168957937e-05,0.0,300000000000.0,0.6654238112555133,0.14273727729136165,0.8555593121018026,9.599987443563085,10.433333333333334,0.9911111111111112,2.960694403133217,4.497985518769898e-09,0.0,9.408193249983015,experiments/results/parameter_sensitivity_v1/traces/c17_s520927.npz,86a88b5a4754a66785bc5df82f2ebb6cb438a73f8f434709bb7835c53da9137c
QAPG-R,c17,520928,100,10,2,300000000000.0,1,1500000.0,1.5,7.5e-11,3000,300,1.667417128361758,0.8122014327440232,0.8552156956177346,28647824.465126257,14785547.949314686,13862276.515811576,0.9961654427936655,2.9716425634817116,10.45037037037037,9601202.962962963,4051651.7143031945,5549493.388124939,5549450.741154955,0.6664800151497579,0.1457214175942655,300,25923248000.0,25923091776.55596,4502.026246576746,0.1736685687564567,28703013.95356603,28859237.39760436,1.5348196029663086e-06,4992.55570547682,28774.796762602393,25923.09177655596,10939459628.618626,14983632147.937336,0.42199671717059356,0.5780032828294065,28657952.84408212,28639721.76196157,-84.45323096895946,28650983.243707098,1.667417128361758,28.647824465126256,14.785547949314685,13.862276515811576,4.051651714303195,5.549493388124939,9.601202962962963,0.9999939736161133,-8.445323096895947e-05,0.0,300000000000.0,0.6664800151497579,0.1457214175942655,0.8552156956177346,9.601145102428134,10.45037037037037,0.9844444444444445,2.9716425634817116,6.7923600771679915e-09,0.0,9.440225833008299,experiments/results/parameter_sensitivity_v1/traces/c17_s520928.npz,01f64e2a43dd12b30f830d34c5500d195d9007bda4ffd9e98382f1ffdf0215dd
QAPG-R,c17,520929,100,10,2,300000000000.0,1,1500000.0,1.5,7.5e-11,3000,300,1.6621390738965964,0.8052728328140101,0.8568662410825868,28647977.843125384,14767542.743726391,13880435.099398997,0.9962024700418819,2.941695707451328,10.42962962962963,9601934.814814815,4049127.1547895023,5553193.1566996565,5553019.908792395,0.6651919804799351,0.14008085233407508,300,25925224000.0,25926264841.02073,4487.775499520811,0.17309764931584817,29524151.847074926,28483310.82634557,1.780688762664795e-06,4976.804359027053,28774.332689173654,25926.26484102073,10932643317.931656,14993621523.089073,0.42168215842005696,0.578317841579943,28661205.163329225,28637395.986962315,37.921980460641066,28663522.783136666,1.6621390738965964,28.647977843125386,14.767542743726391,13.880435099398996,4.0491271547895025,5.553193156699656,9.601934814814815,1.0000401478120586,3.7921980460641066e-05,0.0,300000000000.0,0.6651919804799351,0.14008085233407508,0.8568662410825868,9.602320311489159,10.42962962962963,0.99,2.941695707451328,2.411445139925694e-07,0.0,9.348091624997323,experiments/results/parameter_sensitivity_v1/traces/c17_s520929.npz,a1a6b74c602a036a03a7a1c32b5d61e86d93980e2d2d618b325e3e7507f600bf
QAPG-R,c17,520930,100,10,2,300000000000.0,1,1500000.0,1.5,7.5e-11,3000,300,1.669893365907107,0.8140961559904476,0.8557972099166593,28669576.89444561,14800608.9393657,13868967.955079911,0.9961621705759616,2.968595919179885,10.4,9604257.777777778,4053298.2788819545,5550914.935099693,5550934.338467453,0.6672917135281848,0.14680444246226299,300,25931496000.0,25931375677.75045,4508.712087949189,0.173870917763061,28473146.81731186,28593469.066864632,-4.433095455169678e-06,4999.3451767918505,28782.230530933135,25931.37567775045,10943905352.981277,14987470324.76917,0.42203335021563587,0.5779666497843641,28677852.973863035,28662956.030911673,1.142144278663479,28648389.452617135,1.669893365907107,28.66957689444561,14.8006089393657,13.868967955079912,4.053298278881955,5.550914935099693,9.604257777777779,0.9999953599958309,1.142144278663479e-06,0.0,300000000000.0,0.6672917135281848,0.14680444246226299,0.8557972099166593,9.604213213981648,10.4,0.9892592592592593,2.968595919179885,6.538304321500668e-06,0.0,9.423320709000109,experiments/results/parameter_sensitivity_v1/traces/c17_s520930.npz,31e0ffb7d12a7cbf62ce1920e52e6aa08c83f4cd473a80699ed08695accfa0ff
QAPG-R,c17,520931,100,10,2,300000000000.0,1,1500000.0,1.5,7.5e-11,3000,300,1.6663134484218205,0.810184103812676,0.8561293446091444,28657534.525278054,14785209.736904252,13872324.7883738,0.9961984936748185,2.966420991870109,10.457407407407407,9602808.888888888,4051395.10449176,5551539.350465066,5551485.7008767305,0.6663438266129291,0.14384027719974699,300,25927584000.0,25927923028.38343,4499.046310738915,0.17352127688028793,28631028.031773835,28291999.64834307,-9.387731552124023e-07,4990.138354459445,28780.316000351653,25927.92302838343,10938766782.127752,14989156246.255678,0.42189136284279416,0.5781086371572058,28601289.5201479,28702530.529382177,40.574858007041534,28750963.91760082,1.6663134484218205,28.657534525278056,14.785209736904251,13.8723247883738,4.05139510449176,5.551539350465066,9.602808888888887,1.0000130759728107,4.0574858007041536e-05,0.0,300000000000.0,0.6663438266129291,0.14384027719974699,0.8561293446091444,9.602934454956825,10.457407407407407,0.9855555555555555,2.966420991870109,8.543462055518591e-08,0.0,9.424342874990543,experiments/results/parameter_sensitivity_v1/traces/c17_s520931.npz,38fc1302149935b92f9951b9dca5119bf05b754fcaf39800a880ae47dfa6f4ff
QAPG-R,c18,520927,100,10,2,300000000000.0,1,3000000.0,3,1.5e-10,3000,300,1.6543546788069967,0.7949638797939931,0.8593907990130037,28614768.40421728,14706756.922602225,13908011.481615057,0.9964377425378258,2.936638540715514,10.534074074074073,9600266.666666666,4041215.6699506985,5558771.953081701,5558835.726030426,0.6611001842076946,0.1338636955862986,300,25920720000.0,25919966582.187477,4466.757632778891,0.17232883455368736,28184892.94098616,28938310.7535091,4.209578037261963e-07,4955.252303328331,28770.645689246492,25919.966582187477,10911282308.866886,15008684273.320593,0.42096050835054916,0.5790394916494509,28543493.158726163,28671788.600610178,-66.57157140488533,28662690.07396125,1.6543546788069967,28.61476840421728,14.706756922602224,13.908011481615057,4.041215669950699,5.558771953081701,9.600266666666666,0.9999709337621593,-6.657157140488533e-05,0.0,300000000000.0,0.6611001842076946,0.1338636955862986,0.8593907990130037,9.5999876230324,10.534074074074073,0.9848148148148148,2.936638540715514,4.974995665915638e-07,4.440892098500626e-16,9.353642583999317,experiments/results/parameter_sensitivity_v1/traces/c18_s520927.npz,9934b5665de6be54fe6330c09932ccd0c7ab69c77aa17de210995d1851d99cdb
QAPG-R,c18,520928,100,10,2,300000000000.0,1,3000000.0,3,1.5e-10,3000,300,1.6578564900676502,0.79874908218321,0.8591074078844405,28626437.73886643,14721816.917940037,13904620.820926389,0.9964346879129409,2.9561597172114826,10.547037037037038,9601202.962962963,4043118.264166108,5558027.505203117,5557978.60520931,0.662070942912096,0.13667813927111389,300,25923248000.0,25923093577.296906,4476.212523182656,0.17267277571774312,28683217.679972358,28837640.38306827,-1.862645149230957e-07,4964.016166732201,28774.818359616933,25923.093577296906,10916419313.248491,15006674264.048414,0.42110789287930295,0.578892107120697,28636703.376352258,28618225.228877768,-84.86899844033381,28628215.64505564,1.6578564900676502,28.62643773886643,14.721816917940037,13.90462082092639,4.043118264166107,5.558027505203117,9.601202962962963,0.999994043080439,-8.486899844033382e-05,0.0,300000000000.0,0.662070942912096,0.13667813927111389,0.8591074078844405,9.601145769369225,10.547037037037038,0.9822222222222222,2.9561597172114826,2.8390687227888844e-07,0.0,9.382606166996993,experiments/results/parameter_sensitivity_v1/traces/c18_s520928.npz,a66d1ad08a44c9749a2c5cc4e34b18f2ca6d903781cfa7344cc08868abbc1e33
QAPG-R,c18,520929,100,10,2,300000000000.0,1,3000000.0,3,1.5e-10,3000,300,1.6528789474583154,0.7922557684230375,0.8606231790352777,28627469.3956437,14706214.844157433,13921254.551486269,0.9964667919347068,2.926643410055139,10.53037037037037,9601934.814814815,4040912.2102383184,5561408.101535418,5561233.924841449,0.6609509043241961,0.13130486409884154,300,25925224000.0,25926264841.78909,4462.773158137452,0.1721332858925424,29502836.834269043,28461995.045179904,1.3709068298339844e-06,4949.046828266705,28774.354004954817,25926.26484178909,10910462967.64346,15015801874.14563,0.4208266417944438,0.5791733582055562,28640785.455235615,28616816.547970165,38.49818847669355,28643027.474620666,1.6528789474583154,28.6274693956437,14.706214844157433,13.92125455148627,4.040912210238319,5.561408101535418,9.601934814814815,1.0000401478416963,3.849818847669355e-05,0.0,300000000000.0,0.6609509043241961,0.13130486409884154,0.8606231790352777,9.602320311773736,10.53037037037037,0.9833333333333333,2.926643410055139,1.3391108208415936e-08,0.0,9.304444792011054,experiments/results/parameter_sensitivity_v1/traces/c18_s520929.npz,d06065668d5a24432e937fceb3236a3f3c4206a6dd8f8f803e71f382ccee9084
QAPG-R,c18,520930,100,10,2,300000000000.0,1,3000000.0,3,1.5e-10,3000,300,1.6601971579447612,0.800462128760037,0.8597350291847239,28648051.365794796,14736308.919257712,13911742.446537085,0.9964190675885688,2.960377267520892,10.528148148148148,9604257.777777778,4044691.8089708285,5559521.151962576,5559542.408856579,0.6628414412715568,0.1376206874884802,300,25931496000.0,25931374994.520195,4482.532326450855,0.1728613437350739,28450948.78676916,28571954.266574666,1.9371509552001953e-07,4970.388670393011,28782.252045733425,25931.374994520196,10920667884.221237,15010707110.298956,0.42113724731253116,0.5788627526874688,28656427.51013958,28641350.450318974,2.150556961041253,28627354.173997432,1.6601971579447612,28.648051365794796,14.736308919257711,13.911742446537085,4.044691808970828,5.559521151962576,9.604257777777779,0.9999953336483246,2.1505569610412533e-06,0.0,300000000000.0,0.6628414412715568,0.1376206874884802,0.8597350291847239,9.604212960933406,10.528148148148148,0.9840740740740741,2.960377267520892,8.993943641927293e-09,0.0,9.392844041984063,experiments/results/parameter_sensitivity_v1/traces/c18_s520930.npz,482f3e7d8d15cf5cd3edf2392647de4969780b1e754b7643b42b6dfc3ccd822a
QAPG-R,c18,520931,100,10,2,300000000000.0,1,3000000.0,3,1.5e-10,3000,300,1.6568722765119466,0.7968981777893103,0.8599740987226365,28636403.81566919,14722256.050146468,13914147.76552272,0.9964704699700575,2.951033021532499,10.549259259259259,9602808.888888888,4042968.082865816,5559966.258580479,5559915.070069885,0.6619873270327614,0.13491085075654874,300,25927584000.0,25927922721.904995,4473.5551465822555,0.17253812403578359,28610732.77603165,28272010.8710366,-7.078051567077637e-08,4961.858554228265,28780.335989128962,25927.922721904994,10916013823.737703,15011908898.167294,0.42101382130838416,0.578986178691616,28580332.234569624,28681261.080548845,39.78726310449323,28729541.660169676,1.6568722765119466,28.63640381566919,14.722256050146468,13.91414776552272,4.042968082865816,5.559966258580479,9.602808888888887,1.0000130641522555,3.978726310449323e-05,0.0,300000000000.0,0.6619873270327614,0.13491085075654874,0.8599740987226365,9.602934341446295,10.549259259259259,0.9829629629629629,2.951033021532499,3.0568486308543696e-07,0.0,9.382029333006358,experiments/results/parameter_sensitivity_v1/traces/c18_s520931.npz,6e3866b9726381eff7ae3398a2e6a736f6d4a5dcfba7a90a92486fc28c441380
QAPG-R,c19,520927,100,10,2,300000000000.0,1,4000000.0,4,2e-10,3000,300,1.652131318620056,0.7918580180397091,0.8602733005803468,28609941.10070171,14692321.95175163,13917619.148950076,0.9965001134736462,2.9520543551943437,10.578518518518518,9600266.666666666,4039277.6998927095,5560709.223874717,5560768.062108565,0.6601042724702997,0.1317537455694094,300,25920720000.0,25919964694.17205,4460.754560274151,0.17209724677121668,28179285.741673645,28934591.569620185,1.8551945686340332e-06,4948.573311686334,28770.64940843038,25919.96469417205,10906049789.710316,15013914904.461737,0.4207586668573849,0.5792413331426152,28538501.994341277,28667092.38579005,-66.44285778836222,28658090.264665768,1.652131318620056,28.609941100701707,14.69232195175163,13.917619148950076,4.039277699892709,5.560709223874717,9.600266666666666,0.9999708609240812,-6.644285778836222e-05,0.0,300000000000.0,0.6601042724702997,0.1317537455694094,0.8602733005803468,9.599986923767426,10.578518518518518,0.9803703703703703,2.9520543551943437,8.905462501283823e-07,0.0,9.381033250014298,experiments/results/parameter_sensitivity_v1/traces/c19_s520927.npz,ecc0a63a42adf15ff39f8e17703252fd1b57e03c8b94f09c5e32a24ca03768d3
QAPG-R,c19,520928,100,10,2,300000000000.0,1,4000000.0,4,2e-10,3000,300,1.6555656932449825,0.7955558058825238,0.8600098873624584,28621536.2199305,14707105.648829976,13914430.57110052,0.9965374274952844,2.965947621948241,10.578148148148149,9601202.962962963,4041143.7689279923,5560002.608509662,5559957.787556436,0.661055616671113,0.13450018921141085,300,25923248000.0,25923095219.081665,4470.027371761453,0.17243416860464725,28679214.94380186,28831995.86213521,1.6316771507263184e-06,4957.149986876679,28774.824004137863,25923.095219081664,10911088176.10558,15012007042.976086,0.42090221417981233,0.5790977858201877,28631809.03988708,28613317.96396523,-85.11292426574248,28623087.70982781,1.6555656932449825,28.6215362199305,14.707105648829977,13.91443057110052,4.041143768927992,5.560002608509661,9.601202962962963,0.9999941064129644,-8.511292426574248e-05,0.0,300000000000.0,0.661055616671113,0.13450018921141085,0.8600098873624584,9.601146377437653,10.578148148148149,0.9837037037037037,2.965947621948241,3.2607892497260593e-09,0.0,9.408028540987289,experiments/results/parameter_sensitivity_v1/traces/c19_s520928.npz,36c8009073c535c02744584062b1fa87e8dc26f2b3b6a6e2519984b1ef308ee4
QAPG-R,c19,520929,100,10,2,300000000000.0,1,4000000.0,4,2e-10,3000,300,1.650695795646454,0.7892093581047909,0.8614864375416634,28622791.076268576,14692153.038866453,13930638.037402127,0.9965253984030965,2.9060298916387923,10.518888888888888,9601934.814814815,4039023.4569738004,5563297.157961971,5563124.957298514,0.6599811467966313,0.12922821130815948,300,25925224000.0,25926265660.326584,4456.878648245426,0.17190592377002145,29498282.0259877,28456621.699404195,1.475214958190918e-06,4942.503308426178,28774.3593783006,25926.265660326582,10905363333.829262,15020902326.497322,0.4206299309243401,0.5793700690756599,28636111.175493114,28612134.99688895,38.48176255439207,28638179.298286818,1.650695795646454,28.622791076268577,14.692153038866453,13.930638037402128,4.0390234569738,5.563297157961971,9.601934814814815,1.0000401794147116,3.848176255439207e-05,0.0,300000000000.0,0.6599811467966313,0.12922821130815948,0.8614864375416634,9.60232061493577,10.518888888888888,0.9855555555555555,2.9060298916387923,1.0765481298080637e-08,0.0,9.238221958978102,experiments/results/parameter_sensitivity_v1/traces/c19_s520929.npz,0259e761cf3ab1ed178458fc5e5f88cb795089a3972bcacfa4297ae94972fd7f
QAPG-R,c19,520930,100,10,2,300000000000.0,1,4000000.0,4,2e-10,3000,300,1.6579088326359885,0.7972578644657383,0.8606509681702504,28643119.633346062,14721443.259890834,13921676.373455223,0.9965122447161511,2.9135291783691004,10.54962962962963,9604257.777777778,4042695.843694547,5561516.7123612,5561535.251231587,0.6618158544292946,0.13544201003644366,300,25931496000.0,25931373901.350513,4476.353848117169,0.17262308835414383,28445252.262153797,28567350.911638923,1.2442469596862793e-06,4963.505867268532,28782.256649088362,25931.373901350515,10915278777.975277,15016095123.37524,0.4209294432103656,0.5790705567896346,28651600.93815954,28636334.58949527,2.2528691537207766,28622391.687772892,1.6579088326359885,28.64311963334606,14.721443259890833,13.921676373455222,4.042695843694547,5.5615167123611995,9.604257777777779,0.9999952914922654,2.2528691537207766e-06,0.0,300000000000.0,0.6618158544292946,0.13544201003644366,0.8606509681702504,9.604212556055746,10.54962962962963,0.9825925925925926,2.9135291783691004,9.674551721544633e-08,0.0,9.263719375012442,experiments/results/parameter_sensitivity_v1/traces/c19_s520930.npz,c0c7994380bf73b60db022d3e54718d08451301a210368c492d12ced4d40f337
QAPG-R,c19,520931,100,10,2,300000000000.0,1,4000000.0,4,2e-10,3000,300,1.6545858398718938,0.7937077680641258,0.8608780718077681,28631555.041653708,14707602.073729401,13923952.967924308,0.9965202135324603,2.8962829144223146,10.553703703703704,9602808.888888888,4040998.027425315,5561936.173764411,5561885.289829863,0.6609776068249577,0.1327301612391681,300,25927584000.0,25927922343.21226,4467.381767654113,0.17230002884606913,28606086.701948628,28267743.489686012,2.86102294921875e-06,4955.053880956226,28780.340256510313,25927.92234321226,10910694674.048351,15017227669.163912,0.42080867605285355,0.5791913239471466,28575452.080924414,28676437.41023714,39.399639893778975,28724489.130647585,1.6545858398718938,28.63155504165371,14.7076020737294,13.923952967924308,4.040998027425315,5.561936173764411,9.602808888888887,1.0000130495464699,3.9399639893778976e-05,0.0,300000000000.0,0.6609776068249577,0.1327301612391681,0.8608780718077681,9.602934201189726,10.553703703703704,0.9807407407407407,2.8962829144223146,7.585675697568267e-07,0.0,9.207180791010614,experiments/results/parameter_sensitivity_v1/traces/c19_s520931.npz,fc03725a01c91b8450ca5b3a590620f6981a2d5346f51fbd3b9f7a221e3fd065
